get|int 1,1,2 1,1,3 1,2,2 1,2,3 4,3,5 4,4,1 4,5,2 4,4,1 4,5,3 5,6,1 5,7,2 5,6,1 5,7,3 1,8,1 1,9,3 2,10,1 2,11,3 6,12,7 6,13,1 6,14,2 6,13,1 6,14,3 7,15,1 7,16,2 7,15,1 7,16,3 7,17,4 1,18,1 1,19,3 1,20,4 1,21,5 2,22,1 2,23,3 2,24,4 2,25,5 2,26,1 1,20,4 1,21,5 1,27,1 1,28,2 3,24,4 3,25,5 3,26,1 3,29,2 3,26,1
get|int 1,30,8 8,31,1 4,3,9 4,5,8 4,4,1 9,7,8 9,6,1 1,2,8 1,32,4 1,33,9 1,34,8 1,35,1 8,36,4 8,37,9 8,38,8 8,39,1 8,40,1 4,41,1 4,42,8 9,43,1 9,44,8 8,45,1 8,46,8 1,47,1 1,48,8 10,12,7 10,49,1 10,50,8 10,51,4 10,52,9 7,53,1 7,54,8 7,17,4 7,55,9 7,56,8
tostr 11,1,12 13,57,14 13,31,14 12,31,11 13,58,12 13,59,11 14,60,12 14,61,11 13,62,13 13,63,14 13,62,12 13,63,11 14,64,13 14,65,14 14,64,12 14,65,11 14,66,15 13,67,15 14,68,15 12,67,15 11,68,15 16,12,7 16,13,11 16,14,12 16,50,13 16,49,14 7,15,11 7,16,12 7,54,13 7,53,14 7,69,13 11,70,13 11,71,14 11,72,13 11,73,14 12,74,13 12,75,14 12,76,13 12,77,14 12,76,12
foreach|test 17,1,18 19,2,20 17,2,18 17,78,21 18,79,21 22,80,17 22,81,18 22,82,21 19,83,22 19,84,17 19,85,18 19,86,21 20,87,22 20,88,17 20,89,18 20,90,21 19,2,20 23,31,19 19,60,23 19,61,19 20,58,23 20,59,19 20,91,19 22,92,19 22,93,20 17,94,19 17,95,20 17,95,23 18,96,19 18,97,20 18,97,23 18,96,19 21,98,19 21,99,20 21,99,23 21,98,19 6,12,7 6,13,17 6,14,18 6,100,19 6,101,20 7,15,17 7,16,18 7,102,19 7,69,20 7,103,22 17,73,19 17,72,20 17,104,22 18,77,19 18,76,20 18,105,22
get|line 24,30,8 25,31,19 8,31,24 26,106,25 26,107,19 26,106,8 26,107,24 25,108,8 25,109,24 19,110,8 19,111,24 8,31,24 24,32,26 24,112,25 24,113,19 24,112,8 8,36,26 8,114,25 8,115,19 8,114,8 8,115,24 26,42,8 25,116,8 25,117,24 19,118,8 19,119,24 8,116,8 8,117,24 24,118,8 24,119,24 16,12,7 16,49,24 16,50,8 16,51,26 16,120,25 7,53,24 7,54,8 7,17,26 7,121,25 7,122,19
get|unsigned 2,123,17 17,1,3 2,31,17 3,31,17 4,3,27 4,5,2 4,4,17 4,5,3 4,4,17 27,7,2 27,6,17 27,7,3 27,6,17 2,11,3 2,10,17 17,9,3 17,8,17 6,12,7 6,14,2 6,13,17 6,13,17 6,14,3 7,16,2 7,15,17 7,15,17 7,16,3 7,17,4 2,22,17 2,23,3 2,24,4 2,25,27 17,18,17 17,19,3 17,20,4 17,21,27 17,28,2 17,20,4 17,21,27 17,28,2 17,27,17 3,24,4 3,25,27 3,29,2 3,26,17 3,29,3
get|unsigned 17,1,2 3,123,17 28,123,17 17,2,2 17,2,3 17,2,28 4,3,29 4,4,17 4,5,2 4,4,17 4,5,3 29,6,17 29,7,2 29,6,17 29,7,3 29,6,17 17,8,17 17,9,3 17,8,17 17,9,28 2,10,17 2,11,3 2,10,17 2,11,28 17,8,17 17,9,28 3,10,17 3,11,28 6,12,7 6,13,17 6,14,2 6,14,3 6,13,17 7,15,17 7,16,2 7,16,3 7,15,17 7,16,28 17,19,3 17,18,17 17,19,28 17,18,17 2,23,3 2,22,17 2,23,28 2,22,17 2,24,4 3,23,28 3,22,17 3,24,4 3,25,29 17,19,28 17,18,17 17,20,4 17,21,29 17,27,17 28,24,4 28,25,29 28,26,17 28,29,2 17,20,4 17,21,29 17,27,17 17,28,2 17,27,17
abs 11,1,30 11,2,30 11,124,31 30,125,31 30,31,11 30,31,11 11,126,30 11,127,11 11,128,30 30,129,30 30,130,11 30,131,30 30,132,11 31,133,30 31,134,11 31,135,30 31,136,11 30,137,30 30,138,11 11,139,30 11,140,11 32,12,7 32,13,11 32,14,30 7,15,11 7,16,30 7,141,31 11,142,31 30,143,31
flush 33,57,24 25,31,19 33,31,24 26,106,25 26,107,19 26,106,33 26,107,24 25,108,33 25,109,24 19,110,33 19,111,24 33,36,26 33,114,25 33,115,19 33,114,33 24,32,26 24,112,25 24,113,19 24,112,33 24,113,24 6,12,7 6,50,33 6,49,24 6,51,26 6,120,25 7,54,33 7,53,24 7,17,26 7,121,25 7,122,19
get|double 34,1,2 34,1,3 34,2,2 34,2,3 4,3,35 4,4,34 4,5,2 4,4,34 4,5,3 35,6,34 35,7,2 35,6,34 35,7,3 34,8,34 34,9,3 2,10,34 2,11,3 6,12,7 6,13,34 6,14,2 6,13,34 6,14,3 7,15,34 7,16,2 7,15,34 7,16,3 7,17,4 34,18,34 34,19,3 34,20,4 34,21,35 2,22,34 2,23,3 2,24,4 2,25,35 2,26,34 34,20,4 34,21,35 34,27,34 34,28,2 3,24,4 3,25,35 3,26,34 3,29,2 3,26,34
main 17,30,36 17,30,37 19,2,20 19,2,38 39,107,19 39,106,38 40,3,41 39,144,40 39,145,41 19,146,40 19,147,41 38,148,40 38,149,41 19,150,39 19,151,19 19,152,38 19,150,40 20,153,39 20,154,19 20,155,38 20,153,40 20,156,41 36,31,17 36,157,42 17,158,42 17,2,37 17,159,43 37,160,43 37,31,17 17,2,36 37,161,17 37,162,36 17,163,17 17,164,36 37,31,17 17,2,37 44,107,17 44,106,37 17,165,37 17,166,17 17,166,17 37,167,37 37,168,17 37,168,17 37,167,36 43,169,37 43,170,17 43,170,17 43,169,36 43,171,37 37,172,37 37,173,17 17,174,37 17,175,17 17,176,44 17,174,37 17,175,17 17,176,44 17,177,17 36,172,37 36,173,17 36,178,44 36,179,17 36,180,37 37,181,44 37,182,17 37,183,37 17,184,44 17,185,17 17,186,37 17,187,17 17,188,37 17,65,19 17,64,20 36,189,17 36,190,37 36,63,19 36,62,20 36,191,39 17,65,19 17,64,20 17,192,39 17,193,19 37,63,19 37,62,20 37,191,39 37,194,19 37,195,38 39,196,36 19,197,36 19,198,17 38,199,36 38,200,17 38,201,42 40,196,36 40,202,17 40,203,42 40,204,17 41,205,36 41,206,17 41,207,42 41,208,17 41,209,37 36,210,17 36,211,37 36,212,43 17,213,17 17,214,37 17,215,43 17,216,37 42,217,17 42,218,37 42,219,43 42,220,37 42,221,17 37,222,31 17,223,31 44,224,31 17,225,31 37,226,31 1,12,7 1,49,17 1,50,36 1,49,17 1,50,37 7,53,17 7,54,36 7,53,17 7,54,37 7,102,19
get|double 8,57,34 34,2,8 4,3,45 4,4,34 4,5,8 45,6,34 45,7,8 8,31,34 8,36,4 8,37,45 8,39,34 8,38,8 34,32,4 34,33,45 34,35,34 34,34,8 34,227,8 4,42,8 4,41,34 45,44,8 45,43,34 34,48,8 34,47,34 8,46,8 8,45,34 46,12,7 46,50,8 46,49,34 46,51,4 46,52,45 7,54,8 7,53,34 7,17,4 7,55,45 7,228,34
get|string 24,30,8 25,31,19 24,2,8 25,229,24 25,230,8 19,231,24 19,232,8 24,2,8 24,233,25 24,234,19 24,234,24 24,233,8 8,235,25 8,236,19 8,236,24 8,235,8 8,40,24 25,237,24 25,238,8 19,239,24 19,240,8 24,239,24 24,240,8 8,237,24 8,238,8 16,12,7 16,49,24 16,50,8 16,241,25 16,242,19 7,53,24 7,54,8 7,243,25 7,244,19 7,244,24
gcd 12,123,11 11,1,47 36,57,36 47,31,11 47,245,31 11,246,31 36,31,36 12,31,11 47,31,11 12,247,47 12,248,11 11,249,47 11,250,11 36,251,12 36,252,11 36,251,47 36,252,11 36,253,12 36,254,11 36,253,47 36,254,11 12,31,11 47,31,11 12,255,47 12,256,11 11,257,47 11,258,11 47,31,11 36,31,36 47,255,36 47,256,36 11,257,36 11,258,36 36,259,12 12,260,12 12,261,11 11,262,12 11,263,11 11,262,47 47,260,12 47,261,11 47,260,47 47,261,11 11,262,12 11,263,11 11,262,47 11,263,11 11,262,47 12,264,47 12,265,11 11,259,47 11,266,11 11,259,36 47,264,47 47,265,11 47,264,36 47,265,36 11,259,47 11,266,11 11,259,36 11,266,36 47,267,36 47,268,36 47,269,12 11,270,36 11,271,36 11,272,12 11,273,11 31,274,36 31,275,36 31,276,12 31,277,11 31,276,47 11,2,12 36,278,47 36,279,11 36,280,31 36,281,36 36,282,47 36,283,11 36,284,31 36,285,36 36,286,36 11,287,11 47,288,11 47,289,12 11,287,11 11,290,12 36,288,11 36,289,12 36,287,11 36,290,12 32,12,7 32,14,12 32,13,11 32,13,11 32,14,47 7,16,12 7,15,11 7,15,11 7,16,47 7,54,36 12,22,11 12,23,47 12,74,36 12,75,36 11,18,11 11,19,47 11,70,36 11,71,36 11,70,36 11,71,36 47,74,36 47,75,36 47,291,31
operator|<< 48,123,49 12,123,11 12,31,11 50,106,12 50,107,11 48,31,49 50,42,48 50,41,49 12,116,48 12,117,49 11,118,48 11,119,49 51,12,7 51,14,48 51,13,49 51,14,12 51,13,11 7,16,48 7,15,49 7,16,12 7,15,11 7,17,50 48,23,12 48,22,11 48,24,50 48,292,12 49,19,12 49,18,11 49,20,50 49,293,12 49,294,11 12,24,50 12,292,12 12,295,11 12,296,48 11,20,50 11,293,12 11,294,11 11,297,48 11,298,49
get|double 34,1,2 34,1,3 28,123,34 34,2,2 34,2,3 34,2,28 4,3,52 4,4,34 4,5,2 4,4,34 4,5,3 52,6,34 52,7,2 52,6,34 52,7,3 52,6,34 34,8,34 34,9,3 34,8,34 34,9,28 2,10,34 2,11,3 2,10,34 2,11,28 34,8,34 34,9,28 3,10,34 3,11,28 6,12,7 6,13,34 6,14,2 6,13,34 6,14,3 7,15,34 7,16,2 7,15,34 7,16,3 7,16,28 34,18,34 34,19,3 34,19,28 34,18,34 2,22,34 2,23,3 2,23,28 2,22,34 2,24,4 34,19,28 34,18,34 34,20,4 34,21,52 3,23,28 3,22,34 3,24,4 3,25,52 3,26,34 28,24,4 28,25,52 28,26,34 28,29,2 34,20,4 34,21,52 34,27,34 34,28,2 34,27,34
get|unsigned 8,57,17 8,31,17 4,3,43 4,5,8 4,4,17 43,7,8 43,6,17 17,2,8 8,36,4 8,37,43 8,38,8 8,39,17 17,32,4 17,33,43 17,34,8 17,35,17 17,299,17 4,41,17 4,42,8 43,43,17 43,44,8 8,45,17 8,46,8 17,47,17 17,48,8 53,12,7 53,50,8 53,49,17 53,51,4 53,52,43 7,54,8 7,53,17 7,17,4 7,55,43 7,56,8
get|int 1,1,2 3,123,1 1,1,28 2,31,1 1,2,3 28,31,1 4,3,54 4,5,2 4,4,1 4,4,1 4,5,3 54,7,2 54,6,1 54,6,1 54,7,3 54,7,28 2,10,1 2,11,3 2,11,28 2,10,1 1,8,1 1,9,3 1,9,28 1,8,1 1,9,28 1,8,1 3,11,28 3,10,1 6,12,7 6,13,1 6,14,2 6,14,3 6,13,1 7,15,1 7,16,2 7,16,3 7,15,1 7,15,1 1,19,3 1,18,1 1,18,1 1,19,28 2,23,3 2,22,1 2,22,1 2,23,28 2,24,4 3,22,1 3,23,28 3,24,4 3,25,54 1,18,1 1,19,28 1,20,4 1,21,54 1,28,2 1,20,4 1,21,54 1,28,2 1,27,1 28,24,4 28,25,54 28,29,2 28,26,1 28,26,1
sqr 11,1,30 11,2,30 11,2,30 11,300,11 11,301,30 30,302,11 30,303,30 32,12,7 32,13,11 32,14,30 32,304,11 32,305,30 7,15,11 7,16,30 7,306,11 7,307,30 7,306,11 11,308,11 11,309,30 11,308,11 11,309,30 30,310,11 30,311,30 30,310,11 30,311,30
get|double 2,123,34 34,1,3 2,31,34 34,2,3 4,3,35 4,5,2 4,4,34 4,4,34 4,5,3 35,7,2 35,6,34 35,6,34 35,7,3 2,10,34 2,11,3 34,8,34 34,9,3 6,12,7 6,14,2 6,13,34 6,13,34 6,14,3 7,16,2 7,15,34 7,15,34 7,16,3 7,17,4 2,22,34 2,23,3 2,24,4 2,25,35 34,18,34 34,19,3 34,20,4 34,21,35 34,28,2 34,20,4 34,21,35 34,28,2 34,27,34 3,24,4 3,25,35 3,29,2 3,26,34 3,26,34
gcd 11,1,12 11,1,47 36,30,36 11,2,47 11,246,31 47,245,31 36,31,36 11,2,12 11,2,47 11,250,11 11,249,47 12,248,11 12,247,47 36,252,11 36,251,12 36,252,11 36,251,47 36,254,11 36,253,12 36,254,11 36,253,47 11,2,12 11,2,47 11,258,11 11,257,47 12,256,11 12,255,47 47,31,11 36,2,36 47,256,36 47,255,36 11,258,36 11,257,36 36,266,11 11,263,11 11,262,12 12,261,11 12,260,12 12,261,11 11,263,11 11,262,12 11,263,11 11,262,47 47,261,11 47,260,12 47,261,11 47,260,47 47,260,47 11,259,47 11,266,11 12,264,47 12,265,11 12,265,36 11,259,47 11,266,11 11,266,36 11,259,36 47,264,47 47,265,11 47,265,36 47,264,36 11,270,36 11,271,36 11,273,11 47,267,36 47,268,36 47,312,11 47,269,12 31,274,36 31,275,36 31,277,11 31,276,12 31,277,11 11,2,12 36,283,11 36,282,47 36,284,31 36,285,36 36,279,11 36,278,47 36,280,31 36,281,36 36,313,36 47,288,11 47,288,11 47,289,12 11,287,11 11,290,12 36,287,11 36,290,12 36,288,11 36,289,12 32,12,7 32,13,11 32,14,12 32,13,11 32,14,47 7,15,11 7,16,12 7,15,11 7,16,47 7,53,36 11,18,11 11,19,47 11,71,36 11,70,36 12,22,11 12,23,47 12,75,36 12,74,36 11,71,36 11,70,36 47,75,36 47,74,36 47,291,31
get|unsigned 17,1,2 17,1,3 2,31,17 17,2,3 4,3,27 4,5,2 4,4,17 4,4,17 4,5,3 27,7,2 27,6,17 27,6,17 27,7,3 2,10,17 2,11,3 17,8,17 17,9,3 6,12,7 6,13,17 6,14,2 6,13,17 6,14,3 7,15,17 7,16,2 7,15,17 7,16,3 7,17,4 17,18,17 17,19,3 17,20,4 17,21,27 2,22,17 2,23,3 2,24,4 2,25,27 2,29,2 17,20,4 17,21,27 17,28,2 17,27,17 3,24,4 3,25,27 3,29,2 3,26,17 3,26,17
get|int 1,1,2 3,123,1 2,31,1 1,2,3 4,3,5 4,5,2 4,4,1 4,4,1 4,5,3 5,7,2 5,6,1 5,6,1 5,7,3 2,10,1 2,11,3 1,8,1 1,9,3 6,12,7 6,13,1 6,14,2 6,14,3 6,13,1 7,15,1 7,16,2 7,16,3 7,15,1 7,17,4 1,19,3 1,18,1 1,20,4 1,21,5 2,23,3 2,22,1 2,24,4 2,25,5 2,29,2 3,24,4 3,25,5 3,29,2 3,26,1 1,20,4 1,21,5 1,28,2 1,27,1 1,27,1
get|int 1,30,8 8,31,1 4,3,9 4,5,8 4,4,1 9,7,8 9,6,1 1,2,8 1,32,4 1,33,9 1,34,8 1,35,1 8,36,4 8,37,9 8,38,8 8,39,1 8,40,1 4,41,1 4,42,8 9,43,1 9,44,8 8,45,1 8,46,8 1,47,1 1,48,8 10,12,7 10,49,1 10,50,8 10,51,4 10,52,9 7,53,1 7,54,8 7,17,4 7,55,9 7,56,8
get|line 8,57,24 25,31,19 24,2,8 26,106,25 26,107,19 26,107,24 26,106,8 25,109,24 25,108,8 19,111,24 19,110,8 24,2,8 8,36,26 8,114,25 8,115,19 8,115,24 24,32,26 24,112,25 24,113,19 24,113,24 24,112,8 26,41,24 25,117,24 25,116,8 19,119,24 19,118,8 24,119,24 24,118,8 8,117,24 8,116,8 16,12,7 16,50,8 16,49,24 16,51,26 16,120,25 7,54,8 7,53,24 7,17,26 7,121,25 7,122,19
tostr 12,123,11 14,30,13 14,2,13 11,2,12 14,61,11 14,60,12 13,59,11 13,58,12 14,65,14 14,64,13 14,65,11 14,64,12 13,63,14 13,62,13 13,63,11 13,62,12 13,314,15 14,68,15 13,67,15 11,68,15 12,67,15 16,12,7 16,14,12 16,13,11 16,49,14 16,50,13 7,16,12 7,15,11 7,53,14 7,54,13 7,102,14 12,75,14 12,74,13 12,77,14 12,76,13 11,71,14 11,70,13 11,73,14 11,72,13 11,73,11
get|double 8,57,34 34,2,8 4,3,45 4,4,34 4,5,8 45,6,34 45,7,8 34,2,8 8,36,4 8,37,45 8,39,34 8,38,8 34,32,4 34,33,45 34,35,34 34,34,8 34,299,34 4,41,34 4,42,8 45,43,34 45,44,8 34,47,34 34,48,8 8,45,34 8,46,8 46,12,7 46,50,8 46,49,34 46,51,4 46,52,45 7,54,8 7,53,34 7,17,4 7,55,45 7,228,34
get|unsigned 8,57,17 8,31,17 4,3,43 4,5,8 4,4,17 43,7,8 43,6,17 17,2,8 8,36,4 8,37,43 8,38,8 8,39,17 17,32,4 17,33,43 17,34,8 17,35,17 17,299,17 4,41,17 4,42,8 43,43,17 43,44,8 8,45,17 8,46,8 17,47,17 17,48,8 53,12,7 53,50,8 53,49,17 53,51,4 53,52,43 7,54,8 7,53,17 7,17,4 7,55,43 7,56,8
abs 11,1,30 11,2,30 11,124,31 30,125,31 11,2,30 30,31,11 11,127,11 11,126,30 11,128,30 30,130,11 30,129,30 30,131,30 30,132,11 31,134,11 31,133,30 31,135,30 31,136,11 11,139,30 11,140,11 30,137,30 30,138,11 32,12,7 32,13,11 32,14,30 7,15,11 7,16,30 7,141,31 11,142,31 30,143,31
num|inversions 55,123,1 1,30,56 1,30,57 58,57,1 1,2,58 1,159,31 58,160,31 1,2,57 1,159,31 57,160,31 1,2,57 55,31,1 1,315,55 1,316,1 57,317,55 57,318,1 1,2,57 1,2,56 1,2,57 1,319,59 57,320,59 1,321,1 1,322,57 1,323,59 56,324,1 56,325,57 56,326,59 56,31,1 55,31,1 56,317,55 56,318,1 1,315,55 1,316,1 56,31,1 60,31,19 57,31,1 60,327,57 60,328,1 19,329,57 19,330,1 60,31,19 56,31,1 60,327,56 60,328,1 19,329,56 19,330,1 60,331,60 60,332,19 19,333,60 19,334,19 19,333,56 57,331,60 57,332,19 57,331,56 57,332,1 1,333,60 1,334,19 1,333,56 1,334,1 58,31,1 1,335,58 60,336,58 60,337,1 19,335,58 19,338,1 56,336,58 56,337,1 1,335,58 1,338,1 1,339,56 56,340,56 56,341,1 1,342,56 1,343,1 1,342,55 57,344,56 57,345,1 57,344,55 57,345,1 59,346,56 59,347,1 59,346,55 59,347,1 59,348,56 56,349,56 56,350,1 1,351,56 1,352,1 55,349,56 55,350,1 1,351,56 1,352,1 1,353,1 1,339,57 1,339,55 57,341,1 57,340,57 57,340,55 57,341,1 31,354,1 31,355,57 31,355,55 31,354,1 31,356,1 1,352,1 1,351,57 57,350,1 57,349,57 57,357,1 55,350,1 55,349,57 55,357,1 55,358,56 1,352,1 1,351,57 1,359,1 1,360,56 1,361,1 1,362,56 57,363,1 57,364,56 57,365,59 1,2,58 1,187,1 1,188,57 1,188,58 1,187,1 56,189,1 56,190,57 56,190,58 56,189,1 56,366,1 1,188,58 1,187,1 1,367,1 1,368,58 57,190,58 57,189,1 57,366,1 57,369,58 57,370,31 58,366,1 58,369,58 58,370,31 58,371,1 1,367,1 1,368,58 1,372,31 1,373,1 1,374,57 1,213,1 1,214,57 1,215,31 58,210,1 58,211,57 58,212,31 58,375,1 31,376,1 31,377,57 31,378,31 31,379,1 31,380,57 1,12,7 1,14,55 1,13,1 1,49,1 1,50,56 7,16,55 7,15,1 7,53,1 7,54,56 7,53,1 55,75,1 55,74,56 55,75,1 55,74,57 1,71,1 1,70,56 1,71,1 1,70,57 1,70,58
flush 24,30,33 25,31,19 24,2,33 26,106,25 26,107,19 26,107,24 26,106,33 25,109,24 25,108,33 19,111,24 19,110,33 24,32,26 24,112,25 24,113,19 24,113,24 33,36,26 33,114,25 33,115,19 33,115,24 33,114,33 6,12,7 6,49,24 6,50,33 6,51,26 6,120,25 7,53,24 7,54,33 7,17,26 7,121,25 7,122,19
sqr 11,1,30 30,31,11 11,2,30 30,302,11 30,303,30 11,300,11 11,301,30 32,12,7 32,13,11 32,14,30 32,305,30 32,304,11 7,15,11 7,16,30 7,307,30 7,306,11 7,306,11 11,309,30 11,308,11 11,308,11 11,309,30 30,311,30 30,310,11 30,310,11 30,311,30
foreach|test 18,123,17 1,30,61 62,30,63 1,30,64 65,57,1 1,30,55 66,57,1 19,2,25 1,2,55 19,231,1 19,232,55 25,229,1 25,230,55 61,31,1 61,160,31 1,159,31 61,31,1 55,31,1 61,317,55 61,318,1 1,315,55 1,316,1 1,2,61 19,2,25 19,2,60 1,2,61 19,330,1 19,329,61 60,328,1 60,327,61 19,381,19 19,382,60 19,381,1 19,382,61 25,383,19 25,384,60 25,383,1 25,384,61 61,340,61 61,341,1 61,340,55 1,339,61 1,353,1 1,339,55 1,353,1 31,355,61 31,354,1 31,355,55 31,354,1 31,356,1 61,350,1 61,349,61 1,352,1 1,351,61 1,385,19 55,350,1 55,349,61 55,386,19 55,387,25 1,352,1 1,351,61 1,385,19 1,388,25 1,389,19 1,390,19 1,391,25 1,392,19 1,393,60 61,394,19 61,395,25 61,396,19 61,397,60 61,396,1 65,31,1 55,31,1 67,106,55 67,107,1 65,157,67 65,398,55 65,399,1 1,158,67 1,400,55 1,401,1 1,2,64 1,159,31 64,160,31 66,31,1 66,160,31 1,159,31 61,31,1 61,160,31 1,159,31 61,31,1 1,2,55 1,402,68 55,403,68 61,404,1 61,405,55 61,406,68 1,407,1 1,408,55 1,409,68 61,31,1 60,31,19 61,31,1 60,327,61 60,328,1 19,329,61 19,330,1 1,2,55 1,402,68 55,403,68 60,410,1 60,411,55 19,412,1 19,413,55 19,414,68 61,410,1 61,411,55 61,415,68 1,412,1 1,413,55 1,414,68 1,2,64 61,337,1 1,338,1 1,335,64 1,416,1 1,417,64 55,418,1 55,419,64 68,420,1 68,421,64 61,340,61 61,341,1 61,422,1 1,339,61 1,353,1 1,423,1 1,424,55 31,355,61 31,354,1 31,425,1 31,426,55 31,427,68 61,349,61 1,351,61 1,352,1 1,428,61 1,429,1 55,430,61 55,431,1 68,432,61 68,433,1 20,31,19 18,31,17 18,79,21 17,78,21 22,81,18 22,80,17 22,82,21 20,87,22 20,89,18 20,88,17 20,90,21 19,83,22 19,85,18 19,84,17 19,86,21 63,31,62 1,2,65 69,31,19 1,2,55 69,302,1 69,303,55 19,300,1 19,301,55 1,434,69 1,435,19 1,435,1 1,434,55 65,436,69 65,437,19 65,437,1 65,436,55 1,2,64 1,2,55 1,402,70 55,403,70 71,438,1 71,439,55 71,440,70 1,441,71 1,442,1 1,443,55 1,444,70 64,445,71 64,446,1 64,447,55 64,448,70 65,449,1 69,450,1 69,451,64 19,452,1 19,453,64 19,454,71 1,452,1 1,453,64 1,454,71 1,455,1 55,450,1 55,451,64 55,456,71 55,457,1 55,458,55 63,459,1 63,460,65 63,461,69 63,462,19 62,463,1 62,464,65 62,465,69 62,466,19 62,466,1 63,31,62 19,2,20 19,78,63 20,79,63 20,31,19 20,79,72 19,78,72 63,467,19 63,468,20 63,469,63 63,470,20 62,471,19 62,472,20 62,473,63 62,474,20 62,475,19 19,476,20 19,477,19 19,478,72 20,479,20 20,480,19 20,481,72 63,482,20 63,483,19 63,484,72 19,2,20 23,31,19 19,60,23 19,61,19 20,58,23 20,59,19 1,187,62 1,188,63 1,187,1 1,188,64 61,189,62 61,190,63 61,189,1 61,190,64 61,190,65 62,187,1 62,188,64 62,188,65 62,187,1 63,189,1 63,190,64 63,190,65 63,189,1 63,189,1 1,188,65 1,187,1 1,187,1 1,188,55 64,190,65 64,189,1 64,189,1 64,190,55 64,190,66 65,189,1 65,190,55 65,190,66 65,189,1 1,187,1 1,188,55 1,188,66 1,187,1 1,234,19 1,188,66 1,187,1 1,234,19 1,233,25 55,190,66 55,189,1 55,236,19 55,235,25 55,236,1 66,236,19 66,235,25 66,236,1 66,235,55 1,234,19 1,233,25 1,234,1 1,233,55 1,374,61 19,485,61 19,486,1 25,487,61 25,488,1 25,489,31 1,485,61 1,486,1 1,490,31 1,491,61 55,487,61 55,488,1 55,489,31 55,492,61 55,493,1 25,494,65 65,265,1 1,266,1 1,259,64 67,495,1 67,496,64 67,497,31 55,498,1 55,499,64 55,500,31 55,499,66 1,501,1 1,502,64 1,503,31 1,502,66 1,501,1 1,259,66 1,266,1 1,504,31 64,264,66 64,265,1 64,505,31 64,211,61 31,506,66 31,507,1 31,508,31 31,377,61 31,376,1 66,211,61 66,210,1 66,212,31 1,214,61 1,213,1 1,215,31 1,509,61 31,377,61 31,376,1 31,378,31 31,380,61 31,379,1 19,510,63 22,511,63 22,512,62 18,513,63 18,514,62 18,515,1 17,516,63 17,517,62 17,518,1 17,519,65 21,520,63 21,521,62 21,522,1 21,523,65 64,524,63 71,525,63 71,526,62 20,527,19 63,528,19 63,529,20 72,530,19 72,531,20 72,531,23 72,530,19 6,12,7 6,14,18 6,13,17 6,49,1 6,50,61 7,16,18 7,15,17 7,53,1 7,54,61 7,53,62 18,75,1 18,74,61 18,75,62 18,74,63 17,71,1 17,70,61 17,71,62 17,70,63 17,71,1
get|string 8,57,24 25,31,19 8,31,24 25,230,8 25,229,24 19,232,8 19,231,24 8,31,24 8,235,25 8,236,19 8,235,8 8,236,24 24,233,25 24,234,19 24,233,8 24,234,24 24,227,8 25,238,8 25,237,24 19,240,8 19,239,24 8,238,8 8,237,24 24,240,8 24,239,24 16,12,7 16,50,8 16,49,24 16,241,25 16,242,19 7,54,8 7,53,24 7,243,25 7,244,19 7,243,8
get|unsigned 2,123,17 17,1,3 17,1,28 17,2,2 3,31,17 28,31,17 4,3,29 4,4,17 4,5,2 4,5,3 4,4,17 29,6,17 29,7,2 29,7,3 29,6,17 29,7,28 17,9,3 17,8,17 17,9,28 17,8,17 2,11,3 2,10,17 2,11,28 2,10,17 3,11,28 3,10,17 17,9,28 17,8,17 6,12,7 6,14,2 6,13,17 6,13,17 6,14,3 7,16,2 7,15,17 7,15,17 7,16,3 7,15,17 2,22,17 2,23,3 2,22,17 2,23,28 17,18,17 17,19,3 17,18,17 17,19,28 17,20,4 17,18,17 17,19,28 17,20,4 17,21,29 3,22,17 3,23,28 3,24,4 3,25,29 3,26,17 17,20,4 17,21,29 17,27,17 17,28,2 28,24,4 28,25,29 28,26,17 28,29,2 28,29,3
operator|<< 49,1,48 11,1,12 11,2,12 50,107,11 50,106,12 49,2,48 50,41,49 50,42,48 11,119,49 11,118,48 12,117,49 12,116,48 51,12,7 51,13,49 51,14,48 51,13,11 51,14,12 7,15,49 7,16,48 7,15,11 7,16,12 7,17,50 49,18,11 49,19,12 49,20,50 49,294,11 48,22,11 48,23,12 48,24,50 48,295,11 48,292,12 11,20,50 11,294,11 11,293,12 11,298,49 12,24,50 12,295,11 12,292,12 12,532,49 12,296,48
main 36,57,17 17,30,37 20,31,19 19,2,38 39,107,19 39,106,38 40,3,41 39,144,40 39,145,41 19,146,40 19,147,41 38,148,40 38,149,41 20,153,39 20,154,19 20,155,38 20,153,40 19,150,39 19,151,19 19,152,38 19,150,40 19,533,41 17,2,36 17,158,42 36,157,42 37,31,17 37,160,43 17,159,43 17,2,37 17,2,36 17,163,17 17,164,36 37,161,17 37,162,36 17,2,37 37,31,17 44,106,37 44,107,17 37,168,17 37,167,37 37,168,17 17,166,17 17,165,37 17,166,17 17,165,36 43,170,17 43,169,37 43,170,17 43,169,36 43,356,17 17,175,17 17,174,37 37,173,17 37,172,37 37,178,44 17,175,17 17,174,37 17,176,44 17,534,37 36,173,17 36,172,37 36,178,44 36,180,37 36,179,17 17,184,44 17,186,37 17,185,17 37,181,44 37,183,37 37,182,17 36,189,17 36,190,37 36,62,20 36,63,19 17,187,17 17,188,37 17,64,20 17,65,19 17,192,39 17,64,20 17,65,19 17,192,39 17,193,19 37,62,20 37,63,19 37,191,39 37,194,19 37,195,38 39,202,17 19,198,17 19,197,36 38,200,17 38,199,36 38,201,42 40,202,17 40,196,36 40,203,42 40,535,37 41,206,17 41,205,36 41,207,42 41,209,37 41,208,17 17,214,37 17,213,17 17,215,43 36,211,37 36,210,17 36,212,43 36,536,17 42,218,37 42,217,17 42,219,43 42,221,17 42,220,37 17,223,31 37,222,31 44,224,31 37,226,31 17,225,31 1,12,7 1,50,36 1,49,17 1,49,17 1,50,37 7,54,36 7,53,17 7,53,17 7,54,37 7,69,20
get|double 34,1,2 34,1,3 34,1,28 2,31,34 3,31,34 28,31,34 4,3,52 4,5,2 4,4,34 4,5,3 4,4,34 52,7,2 52,6,34 52,7,3 52,6,34 52,7,28 2,11,3 2,10,34 2,11,28 2,10,34 34,9,3 34,8,34 34,9,28 34,8,34 3,11,28 3,10,34 34,9,28 34,8,34 6,12,7 6,13,34 6,14,2 6,13,34 6,14,3 7,15,34 7,16,2 7,15,34 7,16,3 7,15,34 34,18,34 34,19,3 34,18,34 34,19,28 2,22,34 2,23,3 2,22,34 2,23,28 2,24,4 34,18,34 34,19,28 34,20,4 34,21,52 3,22,34 3,23,28 3,24,4 3,25,52 3,29,2 34,20,4 34,21,52 34,28,2 34,27,34 28,24,4 28,25,52 28,29,2 28,26,34 28,29,3
get|int 2,123,1 1,1,3 1,1,28 1,2,2 3,31,1 28,31,1 4,3,54 4,4,1 4,5,2 4,5,3 4,4,1 54,6,1 54,7,2 54,7,3 54,6,1 54,7,28 1,9,3 1,8,1 1,9,28 1,8,1 2,11,3 2,10,1 2,11,28 2,10,1 3,11,28 3,10,1 1,9,28 1,8,1 6,12,7 6,14,2 6,13,1 6,13,1 6,14,3 7,16,2 7,15,1 7,15,1 7,16,3 7,15,1 2,22,1 2,23,3 2,22,1 2,23,28 1,18,1 1,19,3 1,18,1 1,19,28 1,20,4 1,18,1 1,19,28 1,20,4 1,21,54 3,22,1 3,23,28 3,24,4 3,25,54 3,26,1 1,20,4 1,21,54 1,27,1 1,28,2 28,24,4 28,25,54 28,26,1 28,29,2 28,29,3
main 17,30,37 36,57,17 20,31,19 19,2,38 39,107,19 39,106,38 40,3,41 39,144,40 39,145,41 19,146,40 19,147,41 38,148,40 38,149,41 20,153,39 20,154,19 20,155,38 20,153,40 19,150,39 19,151,19 19,152,38 19,150,40 19,533,41 36,31,17 36,157,42 17,158,42 17,2,37 17,159,43 37,160,43 37,31,17 36,31,17 37,162,36 37,161,17 17,164,36 17,163,17 17,2,37 17,2,37 44,107,17 44,106,37 17,165,37 17,166,17 17,165,36 37,167,37 37,168,17 37,167,36 37,168,17 43,169,37 43,170,17 43,169,36 43,170,17 43,356,17 37,173,17 37,172,37 17,175,17 17,174,37 17,176,44 36,173,17 36,172,37 36,178,44 36,179,17 17,175,17 17,174,37 17,176,44 17,177,17 17,534,37 17,184,44 17,185,17 17,186,37 37,181,44 37,182,17 37,183,37 17,188,36 17,187,17 17,64,20 17,65,19 37,190,36 37,189,17 37,62,20 37,63,19 37,191,39 36,62,20 36,63,19 36,191,39 36,194,19 17,64,20 17,65,19 17,192,39 17,193,19 17,537,38 39,196,36 19,197,36 19,198,17 38,199,36 38,200,17 38,201,42 40,196,36 40,202,17 40,203,42 40,204,17 41,205,36 41,206,17 41,207,42 41,208,17 41,209,37 36,210,17 36,211,37 36,212,43 17,213,17 17,214,37 17,215,43 17,216,37 42,217,17 42,218,37 42,219,43 42,220,37 42,221,17 17,223,31 37,222,31 44,224,31 17,225,31 37,226,31 1,12,7 1,49,17 1,50,37 1,50,36 1,49,17 7,53,17 7,54,37 7,54,36 7,53,17 7,69,20
operator|<< 48,123,49 12,123,11 11,2,12 50,107,11 50,106,12 48,31,49 50,42,48 50,41,49 11,118,48 11,119,49 12,116,48 12,117,49 51,12,7 51,14,48 51,13,49 51,14,12 51,13,11 7,16,48 7,15,49 7,16,12 7,15,11 7,17,50 48,23,12 48,22,11 48,24,50 48,295,11 49,19,12 49,18,11 49,20,50 49,294,11 49,293,12 12,24,50 12,295,11 12,292,12 12,296,48 11,20,50 11,294,11 11,293,12 11,297,48 11,298,49
abs 11,1,30 11,2,30 11,124,31 30,125,31 30,31,11 11,2,30 11,126,30 11,127,11 11,538,11 30,129,30 30,130,11 30,132,11 30,131,30 31,133,30 31,134,11 31,136,11 31,135,30 30,138,11 30,137,30 11,140,11 11,139,30 32,12,7 32,13,11 32,14,30 7,15,11 7,16,30 7,141,31 11,142,31 30,143,31
flush 33,57,24 25,31,19 24,2,33 26,106,25 26,107,19 26,107,24 26,106,33 25,109,24 25,108,33 19,111,24 19,110,33 33,36,26 33,114,25 33,115,19 33,115,24 24,32,26 24,112,25 24,113,19 24,113,24 24,112,33 6,12,7 6,50,33 6,49,24 6,51,26 6,120,25 7,54,33 7,53,24 7,17,26 7,121,25 7,122,19
get|int 2,123,1 3,123,1 1,2,2 3,31,1 4,3,5 4,4,1 4,5,2 4,5,3 4,4,1 5,6,1 5,7,2 5,7,3 5,6,1 1,9,3 1,8,1 2,11,3 2,10,1 6,12,7 6,14,2 6,13,1 6,14,3 6,13,1 7,16,2 7,15,1 7,16,3 7,15,1 7,17,4 2,23,3 2,22,1 2,24,4 2,25,5 1,19,3 1,18,1 1,20,4 1,21,5 1,27,1 3,24,4 3,25,5 3,26,1 3,29,2 1,20,4 1,21,5 1,27,1 1,28,2 1,28,3
get|int 1,30,8 1,2,8 4,3,9 4,4,1 4,5,8 9,6,1 9,7,8 8,31,1 1,32,4 1,33,9 1,35,1 1,34,8 8,36,4 8,37,9 8,39,1 8,38,8 8,539,8 4,42,8 4,41,1 9,44,8 9,43,1 1,48,8 1,47,1 8,46,8 8,45,1 10,12,7 10,49,1 10,50,8 10,51,4 10,52,9 7,53,1 7,54,8 7,17,4 7,55,9 7,228,1
get|line 8,57,24 19,2,25 8,31,24 26,107,19 26,106,25 26,106,8 26,107,24 19,110,8 19,111,24 25,108,8 25,109,24 24,2,8 8,36,26 8,115,19 8,114,25 8,114,8 24,32,26 24,113,19 24,112,25 24,112,8 24,113,24 26,41,24 19,119,24 19,118,8 25,117,24 25,116,8 8,117,24 8,116,8 24,119,24 24,118,8 16,12,7 16,50,8 16,49,24 16,51,26 16,540,19 7,54,8 7,53,24 7,17,26 7,122,19 7,121,25
gcd 11,1,12 11,1,47 36,57,36 11,2,47 11,246,31 47,245,31 36,2,36 12,31,11 11,2,47 12,248,11 12,247,47 11,250,11 11,249,47 36,253,12 36,254,11 36,254,11 36,253,47 36,251,12 36,252,11 36,252,11 36,251,47 12,31,11 47,31,11 12,255,47 12,256,11 11,257,47 11,258,11 11,2,47 36,31,36 11,257,36 11,258,36 47,255,36 47,256,36 36,264,12 12,260,12 12,261,11 11,262,12 11,263,11 11,262,47 11,262,12 11,263,11 11,262,47 11,263,11 47,260,12 47,261,11 47,260,47 47,261,11 47,261,11 12,265,11 12,264,47 11,266,11 11,259,47 11,259,36 47,265,11 47,264,47 47,264,36 47,265,36 11,266,11 11,259,47 11,259,36 11,266,36 11,271,36 11,270,36 11,272,12 47,268,36 47,267,36 47,269,12 47,312,11 31,275,36 31,274,36 31,276,12 31,277,11 31,277,11 11,2,12 36,279,11 36,278,47 36,280,31 36,313,36 36,283,11 36,282,47 36,284,31 36,286,36 36,285,36 11,287,11 11,287,11 11,290,12 47,288,11 47,289,12 36,288,11 36,289,12 36,287,11 36,290,12 32,12,7 32,13,11 32,14,12 32,13,11 32,14,47 7,15,11 7,16,12 7,15,11 7,16,47 7,54,36 11,18,11 11,19,47 11,70,36 11,71,36 12,22,11 12,23,47 12,74,36 12,75,36 11,70,36 11,71,36 47,74,36 47,75,36 47,291,31
get|int 1,1,2 1,1,3 28,123,1 1,2,2 1,2,3 1,2,28 4,3,54 4,4,1 4,5,2 4,4,1 4,5,3 54,6,1 54,7,2 54,6,1 54,7,3 54,6,1 1,8,1 1,9,3 1,8,1 1,9,28 2,10,1 2,11,3 2,10,1 2,11,28 1,8,1 1,9,28 3,10,1 3,11,28 6,12,7 6,13,1 6,14,2 6,13,1 6,14,3 7,15,1 7,16,2 7,15,1 7,16,3 7,16,28 1,18,1 1,19,3 1,19,28 1,18,1 2,22,1 2,23,3 2,23,28 2,22,1 2,24,4 1,19,28 1,18,1 1,20,4 1,21,54 3,23,28 3,22,1 3,24,4 3,25,54 3,26,1 28,24,4 28,25,54 28,26,1 28,29,2 1,20,4 1,21,54 1,27,1 1,28,2 1,27,1
get|unsigned 17,1,2 3,123,17 28,123,17 2,31,17 3,31,17 28,31,17 4,3,29 4,5,2 4,4,17 4,5,3 4,4,17 29,7,2 29,6,17 29,7,3 29,6,17 29,7,28 2,11,3 2,10,17 2,11,28 2,10,17 17,9,3 17,8,17 17,9,28 17,8,17 3,11,28 3,10,17 17,9,28 17,8,17 6,12,7 6,13,17 6,14,2 6,14,3 6,13,17 7,15,17 7,16,2 7,16,3 7,15,17 7,16,28 17,19,3 17,18,17 17,19,28 17,18,17 2,23,3 2,22,17 2,23,28 2,22,17 2,24,4 3,23,28 3,22,17 3,24,4 3,25,29 17,19,28 17,18,17 17,20,4 17,21,29 17,28,2 28,24,4 28,25,29 28,29,2 28,26,17 17,20,4 17,21,29 17,28,2 17,27,17 17,28,3
foreach|test 18,123,17 73,57,1 74,30,75 1,30,76 77,57,78 79,57,78 79,57,78 1,30,80 1,30,81 1,30,76 19,2,25 76,31,1 19,232,76 19,231,1 25,230,76 25,229,1 80,31,1 80,160,59 1,159,59 80,31,1 80,541,82 1,542,82 1,2,80 1,2,73 1,159,59 73,160,59 1,2,73 1,542,82 73,541,82 1,2,73 25,31,19 81,31,1 25,230,81 25,229,1 19,232,81 19,231,1 1,2,80 1,2,76 1,543,1 1,544,76 80,545,1 80,546,76 81,31,1 83,106,81 83,107,1 1,547,83 1,548,81 80,549,83 80,550,81 80,551,1 1,547,83 1,548,81 1,552,1 76,549,83 76,550,81 76,551,1 25,553,1 25,554,80 19,555,1 19,556,80 19,555,1 81,553,1 81,554,80 81,553,1 81,554,76 1,555,1 1,556,80 1,555,1 1,556,76 1,557,83 1,166,1 1,165,73 1,558,82 73,168,1 73,167,73 73,559,82 73,560,1 59,170,1 59,169,73 59,561,82 59,356,1 59,171,73 1,175,1 1,174,73 1,562,25 73,173,1 73,172,73 73,563,25 73,564,19 82,565,1 82,566,73 82,567,25 82,568,19 82,567,81 1,391,25 1,390,19 1,391,81 1,390,1 73,395,25 73,394,19 73,395,81 73,394,1 73,569,1 80,167,80 80,168,1 80,559,82 1,165,80 1,166,1 1,558,82 1,570,1 59,169,80 59,170,1 59,561,82 59,356,1 59,171,80 80,173,1 80,172,80 80,571,1 1,175,1 1,174,80 1,572,1 1,573,73 82,565,1 82,566,80 82,574,1 82,575,73 82,576,59 1,361,1 1,362,73 1,577,59 1,578,1 80,363,1 80,364,73 80,579,59 80,580,1 80,581,73 25,31,19 1,2,76 25,229,1 25,230,76 19,231,1 19,232,76 1,2,80 1,159,59 80,160,59 80,31,1 80,541,82 1,542,82 80,31,1 73,31,1 73,160,59 1,159,59 1,2,73 1,542,82 73,541,82 73,31,1 19,2,25 81,31,1 19,232,81 19,231,1 25,230,81 25,229,1 1,2,80 76,31,1 1,544,76 1,543,1 80,546,76 80,545,1 81,31,1 83,106,81 83,107,1 1,547,83 1,548,81 80,549,83 80,550,81 80,551,1 76,549,83 76,550,81 76,551,1 1,547,83 1,548,81 1,552,1 19,555,1 19,556,80 25,553,1 25,554,80 25,554,76 81,553,1 81,554,80 81,554,76 81,553,1 1,555,1 1,556,80 1,556,76 1,555,1 1,557,83 73,168,1 73,167,73 73,559,82 1,166,1 1,165,73 1,558,82 1,582,73 59,170,1 59,169,73 59,561,82 59,171,73 59,356,1 1,174,73 1,175,1 1,583,19 73,172,73 73,173,1 73,564,19 73,563,25 82,566,73 82,565,1 82,568,19 82,567,25 82,567,81 73,394,19 73,395,25 73,395,81 73,394,1 1,390,19 1,391,25 1,391,81 1,390,1 1,584,1 1,165,80 1,166,1 1,558,82 80,167,80 80,168,1 80,559,82 80,585,80 59,169,80 59,170,1 59,561,82 59,171,80 59,356,1 80,172,80 80,173,1 80,586,73 1,174,80 1,175,1 1,573,73 1,572,1 82,566,80 82,565,1 82,575,73 82,574,1 82,576,59 80,364,73 80,363,1 80,579,59 80,580,1 1,362,73 1,361,1 1,577,59 1,578,1 1,587,73 78,2,77 84,107,78 84,106,77 84,588,85 78,589,85 77,590,85 86,588,87 86,588,88 86,588,87 86,588,88 86,588,84 87,591,88 87,591,87 87,591,88 87,591,84 87,592,78 88,591,87 88,591,88 88,591,84 88,592,78 88,593,77 87,591,88 87,591,84 87,592,78 87,593,77 87,594,85 88,591,84 88,592,78 88,593,77 88,594,85 19,2,20 18,31,17 18,79,21 17,78,21 22,81,18 22,80,17 22,82,21 19,83,22 19,85,18 19,84,17 19,86,21 20,87,22 20,89,18 20,88,17 20,90,21 75,31,74 75,157,89 74,158,89 74,2,75 74,246,43 75,245,43 19,2,20 19,595,85 20,596,85 74,2,75 74,246,43 75,245,43 20,31,19 20,79,90 19,78,90 20,31,19 20,79,91 19,78,91 74,597,20 74,598,19 74,599,90 75,600,20 75,601,19 75,602,90 75,603,20 43,604,20 43,605,19 43,606,90 43,607,20 43,608,19 20,479,20 20,480,19 20,481,91 19,476,20 19,477,19 19,478,91 90,482,20 90,483,19 90,484,91 74,598,19 74,597,20 74,609,85 75,601,19 75,600,20 75,610,85 75,611,74 43,605,19 43,604,20 43,612,85 43,613,74 43,614,75 19,615,74 19,616,75 19,617,43 20,618,74 20,619,75 20,620,43 85,621,74 85,622,75 85,623,43 19,2,20 23,31,19 19,60,23 19,61,19 20,58,23 20,59,19 73,189,74 73,190,75 73,189,1 73,190,76 1,187,74 1,188,75 1,187,1 1,188,76 1,188,77 74,187,1 74,188,76 74,188,77 74,187,78 75,189,1 75,190,76 75,190,77 75,189,78 75,190,79 1,188,77 1,187,78 1,188,79 1,187,78 76,190,77 76,189,78 76,190,79 76,189,78 76,190,79 77,190,79 77,189,78 77,190,79 77,189,78 78,188,79 78,187,78 78,188,79 78,187,78 78,187,1 79,190,79 79,189,78 79,189,1 79,190,80 78,188,79 78,187,78 78,187,1 78,188,80 78,187,1 79,189,1 79,190,80 79,189,1 79,190,81 78,187,1 78,188,80 78,187,1 78,188,81 78,187,1 1,187,1 1,188,81 1,187,1 1,188,76 80,189,1 80,190,81 80,189,1 80,190,76 80,236,19 1,187,1 1,188,76 1,234,19 1,233,25 81,189,1 81,190,76 81,236,19 81,235,25 81,235,76 1,234,19 1,233,25 1,233,76 1,234,1 76,236,19 76,235,25 76,235,76 76,236,1 76,624,80 19,485,80 19,486,1 25,487,80 25,488,1 25,489,59 76,487,80 76,488,1 76,489,59 76,625,80 1,485,80 1,486,1 1,490,59 1,626,80 1,627,1 25,488,1 25,487,80 19,486,1 19,485,80 19,490,59 1,486,1 1,485,80 1,490,59 1,626,80 76,488,1 76,487,80 76,489,59 76,625,80 76,628,1 88,629,19 84,629,19 84,630,20 78,631,19 78,632,20 78,633,22 77,634,19 77,635,20 77,636,22 77,637,18 85,638,19 85,639,20 85,640,22 85,641,18 85,642,17 20,643,75 22,511,75 22,512,74
sqr 30,123,11 11,2,30 11,2,30 11,300,11 11,301,30 30,302,11 30,303,30 32,12,7 32,14,30 32,13,11 32,304,11 32,305,30 7,16,30 7,15,11 7,306,11 7,307,30 7,306,11 30,310,11 30,311,30 30,310,11 30,311,30 11,308,11 11,309,30 11,308,11 11,309,30
get|string 8,57,24 25,31,19 24,2,8 25,229,24 25,230,8 19,231,24 19,232,8 24,2,8 8,235,25 8,236,19 8,236,24 8,235,8 24,233,25 24,234,19 24,234,24 24,233,8 24,299,24 25,237,24 25,238,8 19,239,24 19,240,8 24,239,24 24,240,8 8,237,24 8,238,8 16,12,7 16,50,8 16,49,24 16,241,25 16,242,19 7,54,8 7,53,24 7,243,25 7,244,19 7,244,24
get|double 2,123,34 3,123,34 2,31,34 34,2,3 4,3,35 4,5,2 4,4,34 4,4,34 4,5,3 35,7,2 35,6,34 35,6,34 35,7,3 2,10,34 2,11,3 34,8,34 34,9,3 6,12,7 6,14,2 6,13,34 6,14,3 6,13,34 7,16,2 7,15,34 7,16,3 7,15,34 7,17,4 2,23,3 2,22,34 2,24,4 2,25,35 34,19,3 34,18,34 34,20,4 34,21,35 34,28,2 3,24,4 3,25,35 3,29,2 3,26,34 34,20,4 34,21,35 34,28,2 34,27,34 34,27,34
get|unsigned 2,123,17 17,1,3 2,31,17 17,2,3 4,3,27 4,5,2 4,4,17 4,4,17 4,5,3 27,7,2 27,6,17 27,6,17 27,7,3 2,10,17 2,11,3 17,8,17 17,9,3 6,12,7 6,14,2 6,13,17 6,13,17 6,14,3 7,16,2 7,15,17 7,15,17 7,16,3 7,17,4 2,22,17 2,23,3 2,24,4 2,25,27 17,18,17 17,19,3 17,20,4 17,21,27 17,28,2 17,20,4 17,21,27 17,28,2 17,27,17 3,24,4 3,25,27 3,29,2 3,26,17 3,26,17
get|double 34,1,2 3,123,34 34,1,28 2,31,34 34,2,3 28,31,34 4,3,52 4,5,2 4,4,34 4,4,34 4,5,3 52,7,2 52,6,34 52,6,34 52,7,3 52,7,28 2,10,34 2,11,3 2,11,28 2,10,34 34,8,34 34,9,3 34,9,28 34,8,34 34,9,28 34,8,34 3,11,28 3,10,34 6,12,7 6,13,34 6,14,2 6,14,3 6,13,34 7,15,34 7,16,2 7,16,3 7,15,34 7,15,34 34,19,3 34,18,34 34,18,34 34,19,28 2,23,3 2,22,34 2,22,34 2,23,28 2,24,4 3,22,34 3,23,28 3,24,4 3,25,52 34,18,34 34,19,28 34,20,4 34,21,52 34,28,2 34,20,4 34,21,52 34,28,2 34,27,34 28,24,4 28,25,52 28,29,2 28,26,34 28,26,34
get|unsigned 8,57,17 8,31,17 4,3,43 4,5,8 4,4,17 43,7,8 43,6,17 8,31,17 8,36,4 8,37,43 8,38,8 8,39,17 17,32,4 17,33,43 17,34,8 17,35,17 17,227,8 4,42,8 4,41,17 43,44,8 43,43,17 8,46,8 8,45,17 17,48,8 17,47,17 53,12,7 53,50,8 53,49,17 53,51,4 53,52,43 7,54,8 7,53,17 7,17,4 7,55,43 7,56,8
tostr 11,1,12 14,30,13 14,2,13 11,2,12 14,61,11 14,60,12 13,59,11 13,58,12 14,65,14 14,64,13 14,65,11 14,64,12 13,63,14 13,62,13 13,63,11 13,62,12 13,314,15 14,68,15 13,67,15 11,68,15 12,67,15 16,12,7 16,13,11 16,14,12 16,49,14 16,50,13 7,15,11 7,16,12 7,53,14 7,54,13 7,102,14 11,71,14 11,70,13 11,73,14 11,72,13 12,75,14 12,74,13 12,77,14 12,76,13 12,77,11
get|double 34,30,8 8,31,34 4,3,45 4,5,8 4,4,34 45,7,8 45,6,34 34,2,8 34,32,4 34,33,45 34,34,8 34,35,34 8,36,4 8,37,45 8,38,8 8,39,34 8,40,34 4,41,34 4,42,8 45,43,34 45,44,8 8,45,34 8,46,8 34,47,34 34,48,8 46,12,7 46,49,34 46,50,8 46,51,4 46,52,45 7,53,34 7,54,8 7,17,4 7,55,45 7,56,8
get|int 8,57,1 1,2,8 4,3,9 4,4,1 4,5,8 9,6,1 9,7,8 8,31,1 8,36,4 8,37,9 8,39,1 8,38,8 1,32,4 1,33,9 1,35,1 1,34,8 1,227,8 4,42,8 4,41,1 9,44,8 9,43,1 1,48,8 1,47,1 8,46,8 8,45,1 10,12,7 10,50,8 10,49,1 10,51,4 10,52,9 7,54,8 7,53,1 7,17,4 7,55,9 7,228,1
main 17,30,37 17,30,36 19,2,20 19,2,38 39,107,19 39,106,38 40,3,41 39,144,40 39,145,41 19,146,40 19,147,41 38,148,40 38,149,41 19,150,39 19,151,19 19,152,38 19,150,40 20,153,39 20,154,19 20,155,38 20,153,40 20,156,41 36,31,17 36,157,42 17,158,42 37,31,17 37,160,43 17,159,43 37,31,17 36,31,17 37,162,36 37,161,17 17,164,36 17,163,17 37,31,17 37,31,17 44,106,37 44,107,17 37,167,37 37,168,17 37,167,36 17,165,37 17,166,17 17,165,36 17,166,17 43,169,37 43,170,17 43,169,36 43,170,17 43,171,37 37,172,37 37,173,17 17,174,37 17,175,17 17,176,44 36,172,37 36,173,17 36,178,44 36,180,37 17,174,37 17,175,17 17,176,44 17,534,37 17,177,17 37,181,44 37,183,37 37,182,17 17,184,44 17,186,37 17,185,17 17,187,17 17,188,36 17,65,19 17,64,20 37,189,17 37,190,36 37,63,19 37,62,20 37,191,39 17,65,19 17,64,20 17,192,39 17,193,19 36,63,19 36,62,20 36,191,39 36,194,19 36,195,38 39,196,36 19,197,36 19,198,17 38,199,36 38,200,17 38,201,42 40,196,36 40,202,17 40,203,42 40,535,37 41,205,36 41,206,17 41,207,42 41,209,37 41,208,17 36,211,37 36,210,17 36,212,43 17,214,37 17,213,17 17,215,43 17,216,37 42,218,37 42,217,17 42,219,43 42,220,37 42,221,17 37,222,31 17,223,31 44,224,31 37,226,31 17,225,31 1,12,7 1,49,17 1,50,37 1,49,17 1,50,36 7,53,17 7,54,37 7,53,17 7,54,36 7,102,19
sqr 11,1,30 11,2,30 11,2,30 11,300,11 11,301,30 30,302,11 30,303,30 32,12,7 32,13,11 32,14,30 32,304,11 32,305,30 7,15,11 7,16,30 7,306,11 7,307,30 7,306,11 11,308,11 11,309,30 11,308,11 11,309,30 30,310,11 30,311,30 30,310,11 30,311,30
get|line 24,30,8 19,2,25 8,31,24 26,107,19 26,106,25 26,106,8 26,107,24 19,110,8 19,111,24 25,108,8 25,109,24 8,31,24 24,32,26 24,113,19 24,112,25 24,112,8 8,36,26 8,115,19 8,114,25 8,114,8 8,115,24 26,42,8 19,118,8 19,119,24 25,116,8 25,117,24 8,116,8 8,117,24 24,118,8 24,119,24 16,12,7 16,49,24 16,50,8 16,51,26 16,540,19 7,53,24 7,54,8 7,17,26 7,122,19 7,121,25
get|int 2,123,1 1,1,3 1,2,2 3,31,1 4,3,5 4,4,1 4,5,2 4,5,3 4,4,1 5,6,1 5,7,2 5,7,3 5,6,1 1,9,3 1,8,1 2,11,3 2,10,1 6,12,7 6,14,2 6,13,1 6,13,1 6,14,3 7,16,2 7,15,1 7,15,1 7,16,3 7,17,4 2,22,1 2,23,3 2,24,4 2,25,5 1,18,1 1,19,3 1,20,4 1,21,5 1,27,1 1,20,4 1,21,5 1,27,1 1,28,2 3,24,4 3,25,5 3,26,1 3,29,2 3,29,3
foreach|test 17,1,18 55,57,1 34,30,92 93,57,34 30,57,34 34,30,94 95,57,34 1,30,55 34,30,73 96,57,34 25,31,19 34,2,73 93,31,34 34,2,30 93,229,34 93,230,30 34,231,34 34,232,30 34,644,93 34,645,34 34,645,34 34,644,30 73,646,93 73,647,34 73,647,34 73,646,30 25,647,34 25,646,73 25,648,93 25,649,34 19,645,34 19,644,73 19,650,93 19,651,34 19,651,34 92,31,34 30,31,34 34,2,93 30,302,34 30,303,93 34,300,34 34,301,93 73,31,34 97,652,73 97,653,34 30,654,97 30,655,73 34,656,97 34,657,73 34,658,34 34,656,97 34,657,73 34,658,34 93,654,97 93,655,73 93,659,34 92,660,30 92,661,34 92,661,34 92,660,93 34,662,30 34,663,34 34,663,34 34,662,93 34,664,97 34,2,95 34,2,73 93,31,34 34,301,93 34,300,34 73,303,93 73,302,34 34,665,34 34,666,73 34,666,93 34,665,34 95,667,34 95,668,73 95,668,93 95,667,34 96,31,34 92,31,34 34,2,95 92,669,34 92,670,95 34,671,34 34,672,95 96,673,92 96,674,34 96,674,34 96,673,95 34,675,92 34,676,34 34,676,34 34,675,95 1,2,55 34,2,96 34,2,95 34,677,34 34,678,95 96,679,34 96,680,95 98,681,34 98,682,96 98,681,34 98,682,95 1,588,98 1,683,34 1,684,96 1,683,34 1,684,95 99,3,31 99,588,1 99,685,98 99,686,34 99,687,96 31,688,1 31,689,98 31,690,34 31,691,96 31,690,34 1,158,99 1,692,31 1,693,1 1,694,98 55,157,99 55,695,31 55,696,1 55,697,98 34,2,94 34,159,100 94,160,100 1,2,55 1,159,31 55,160,31 55,31,1 1,2,55 55,318,1 55,317,55 1,316,1 1,315,55 1,2,55 94,31,34 73,31,34 1,2,55 93,31,34 1,301,93 1,300,34 55,303,93 55,302,34 97,698,1 97,699,55 97,699,93 97,698,34 73,700,97 73,701,1 73,702,55 73,702,93 34,703,97 34,704,1 34,705,55 34,705,93 34,704,34 94,706,73 94,707,34 94,708,97 94,709,1 34,710,73 34,711,34 34,712,97 34,713,1 34,714,55 1,339,55 1,353,1 1,353,1 55,340,55 55,341,1 55,341,1 55,340,55 31,355,55 31,354,1 31,354,1 31,355,55 31,356,1 55,350,1 55,349,55 1,352,1 1,351,55 1,715,94 1,352,1 1,351,55 1,715,94 1,716,34 55,350,1 55,349,55 55,717,94 55,718,34 55,719,73 1,720,94 1,721,34 1,722,73 1,723,34 55,724,94 55,725,34 55,726,73 55,727,34 55,728,97 34,2,94 34,2,30 55,31,1 34,2,93 55,302,34 55,303,93 1,300,34 1,301,93 97,699,55 97,698,1 97,698,34 97,699,93 34,703,97 34,705,55 34,704,1 34,704,34 30,700,97 30,702,55 30,701,1 30,701,34 30,702,93 34,711,34 34,710,30 34,712,97 34,714,55 94,707,34 94,706,30 94,708,97 94,729,55 94,709,1 20,31,19 17,2,18 17,78,21 18,79,21 22,80,17 22,81,18 22,82,21 20,87,22 20,88,17 20,89,18 20,90,21 19,83,22 19,84,17 19,85,18 19,86,21 34,2,94 101,3,93 101,107,34 101,106,94 93,730,34 93,731,94 19,2,20 19,2,23 19,61,19 19,60,23 20,59,19 20,58,23 55,189,34 55,190,92 55,190,93 55,189,34 1,187,34 1,188,92 1,188,93 1,187,34 1,188,30 34,188,93 34,187,34 34,188,30 34,187,34 92,190,93 92,189,34 92,190,30 92,189,34 92,189,34 93,190,30 93,189,34 93,189,34 93,190,94 34,188,30 34,187,34 34,187,34 34,188,94 34,188,95 30,189,34 30,190,94 30,190,95 30,189,34 34,187,34 34,188,94 34,188,95 34,187,34 34,187,1 34,188,95 34,187,34 34,187,1 34,188,55 94,190,95 94,189,34 94,189,1 94,190,55 94,189,34 95,189,1 95,190,55 95,189,34 95,190,73 34,187,1 34,188,55 34,187,34 34,188,73 34,188,96 1,187,34 1,188,73 1,188,96 1,187,34 55,189,34 55,190,73 55,190,96 55,189,34 55,235,25 34,188,96 34,187,34 34,233,25 34,234,19 73,190,96 73,189,34 73,235,25 73,236,19 73,732,34 96,235,25 96,236,19 96,732,34 96,733,73 34,233,25 34,234,19 34,734,34 34,735,73 34,736,93 73,737,92 93,738,92 93,739,34 34,740,92 34,741,34 34,742,30 34,740,92 34,741,34 34,742,30 34,743,34 30,738,92 30,739,34 30,744,30 30,745,34 30,745,34 34,746,34 93,747,34 93,748,95 97,749,34 97,750,95 97,751,34 73,747,34 73,748,95 73,752,34 73,753,73 34,746,34 34,754,95 34,755,34 34,756,73 34,756,93 95,264,96 34,757,96 34,758,34 73,759,96 73,760,34 73,761,92 93,759,96 93,760,34 93,761,92 93,762,34 34,757,96 34,758,34 34,763,92 34,764,34 34,764,34 34,266,1 92,765,1 92,766,55 34,767,1 34,768,55 34,769,99 34,767,1 34,768,55 34,769,99 34,770,31 95,765,1 95,766,55 95,771,99 95,772,31 95,773,1 98,774,34 34,213,1 34,214,55 34,215,31 94,210,1 94,211,55 94,212,31 94,775,55 100,376,1 100,377,55 100,378,31 100,380,55 100,379,1 97,776,20 19,777,101 22,778,101 22,779,93 17,780,101 17,781,93 17,782,34 18,783,101 18,784,93 18,785,34 18,786,94 21,787,101 21,788,93 21,789,34 21,790,94 21,98,19 101,791,19 101,792,20 93,793,19 93,794,20 93,793,19 34,795,19 34,796,20 34,795,19 34,796,23 94,797,19 94,798,20 94,797,19 94,798,23 6,12,7 6,13,17 6,14,18 6,50,55 6,49,1 7,15,17 7,16,18 7,54,55 7,53,1 7,53,34 17,70,55 17,71,1 17,71,34 17,70,92 18,74,55 18,75,1 18,75,34 18,74,92 18,74,93
get|unsigned 17,1,2 3,123,17 28,123,17 17,2,2 3,31,17 17,2,28 4,3,29 4,4,17 4,5,2 4,5,3 4,4,17 29,6,17 29,7,2 29,7,3 29,6,17 29,6,17 17,9,3 17,8,17 17,8,17 17,9,28 2,11,3 2,10,17 2,10,17 2,11,28 3,10,17 3,11,28 17,8,17 17,9,28 6,12,7 6,13,17 6,14,2 6,14,3 6,13,17 7,15,17 7,16,2 7,16,3 7,15,17 7,16,28 17,19,3 17,18,17 17,19,28 17,18,17 2,23,3 2,22,17 2,23,28 2,22,17 2,24,4 3,23,28 3,22,17 3,24,4 3,25,29 17,19,28 17,18,17 17,20,4 17,21,29 17,27,17 28,24,4 28,25,29 28,26,17 28,29,2 17,20,4 17,21,29 17,27,17 17,28,2 17,28,3
get|double 8,57,34 34,2,8 4,3,45 4,4,34 4,5,8 45,6,34 45,7,8 8,31,34 8,36,4 8,37,45 8,39,34 8,38,8 34,32,4 34,33,45 34,35,34 34,34,8 34,227,8 4,42,8 4,41,34 45,44,8 45,43,34 34,48,8 34,47,34 8,46,8 8,45,34 46,12,7 46,50,8 46,49,34 46,51,4 46,52,45 7,54,8 7,53,34 7,17,4 7,55,45 7,228,34
get|double 34,1,2 34,1,3 28,123,34 34,2,2 3,31,34 34,2,28 4,3,52 4,4,34 4,5,2 4,5,3 4,4,34 52,6,34 52,7,2 52,7,3 52,6,34 52,6,34 34,9,3 34,8,34 34,8,34 34,9,28 2,11,3 2,10,34 2,10,34 2,11,28 3,10,34 3,11,28 34,8,34 34,9,28 6,12,7 6,13,34 6,14,2 6,13,34 6,14,3 7,15,34 7,16,2 7,15,34 7,16,3 7,16,28 34,18,34 34,19,3 34,19,28 34,18,34 2,22,34 2,23,3 2,23,28 2,22,34 2,24,4 34,19,28 34,18,34 34,20,4 34,21,52 3,23,28 3,22,34 3,24,4 3,25,52 3,26,34 28,24,4 28,25,52 28,26,34 28,29,2 34,20,4 34,21,52 34,27,34 34,28,2 34,28,3
get|string 8,57,24 25,31,19 24,2,8 25,229,24 25,230,8 19,231,24 19,232,8 8,31,24 8,235,25 8,236,19 8,236,24 8,235,8 24,233,25 24,234,19 24,234,24 24,233,8 24,227,8 25,238,8 25,237,24 19,240,8 19,239,24 24,240,8 24,239,24 8,238,8 8,237,24 16,12,7 16,50,8 16,49,24 16,241,25 16,242,19 7,54,8 7,53,24 7,243,25 7,244,19 7,244,24
get|unsigned 17,1,2 3,123,17 17,2,2 3,31,17 4,3,27 4,4,17 4,5,2 4,5,3 4,4,17 27,6,17 27,7,2 27,7,3 27,6,17 17,9,3 17,8,17 2,11,3 2,10,17 6,12,7 6,13,17 6,14,2 6,14,3 6,13,17 7,15,17 7,16,2 7,16,3 7,15,17 7,17,4 17,19,3 17,18,17 17,20,4 17,21,27 2,23,3 2,22,17 2,24,4 2,25,27 2,26,17 3,24,4 3,25,27 3,26,17 3,29,2 17,20,4 17,21,27 17,27,17 17,28,2 17,28,3
tostr 11,1,12 13,57,14 13,31,14 12,31,11 13,58,12 13,59,11 14,60,12 14,61,11 13,62,13 13,63,14 13,62,12 13,63,11 14,64,13 14,65,14 14,64,12 14,65,11 14,66,15 13,67,15 14,68,15 12,67,15 11,68,15 16,12,7 16,13,11 16,14,12 16,50,13 16,49,14 7,15,11 7,16,12 7,54,13 7,53,14 7,69,13 11,70,13 11,71,14 11,72,13 11,73,14 12,74,13 12,75,14 12,76,13 12,77,14 12,76,12
abs 11,1,30 30,31,11 30,125,31 11,124,31 30,31,11 30,31,11 30,129,30 30,130,11 30,131,30 11,126,30 11,127,11 11,128,30 11,538,11 31,133,30 31,134,11 31,135,30 31,136,11 30,137,30 30,138,11 11,139,30 11,140,11 32,12,7 32,13,11 32,14,30 7,15,11 7,16,30 7,141,31 11,142,31 30,143,31
flush 33,57,24 19,2,25 33,31,24 26,107,19 26,106,25 26,106,33 26,107,24 19,110,33 19,111,24 25,108,33 25,109,24 33,36,26 33,115,19 33,114,25 33,114,33 24,32,26 24,113,19 24,112,25 24,112,33 24,113,24 6,12,7 6,50,33 6,49,24 6,51,26 6,540,19 7,54,33 7,53,24 7,17,26 7,122,19 7,121,25
get|int 1,1,2 1,1,3 28,123,1 2,31,1 1,2,3 1,2,28 4,3,54 4,5,2 4,4,1 4,4,1 4,5,3 54,7,2 54,6,1 54,6,1 54,7,3 54,6,1 2,10,1 2,11,3 2,10,1 2,11,28 1,8,1 1,9,3 1,8,1 1,9,28 1,8,1 1,9,28 3,10,1 3,11,28 6,12,7 6,13,1 6,14,2 6,13,1 6,14,3 7,15,1 7,16,2 7,15,1 7,16,3 7,16,28 1,18,1 1,19,3 1,19,28 1,18,1 2,22,1 2,23,3 2,23,28 2,22,1 2,24,4 1,19,28 1,18,1 1,20,4 1,21,54 3,23,28 3,22,1 3,24,4 3,25,54 3,29,2 28,24,4 28,25,54 28,29,2 28,26,1 1,20,4 1,21,54 1,28,2 1,27,1 1,27,1
operator|<< 48,123,49 12,123,11 12,31,11 50,106,12 50,107,11 49,2,48 50,41,49 50,42,48 12,117,49 12,116,48 11,119,49 11,118,48 51,12,7 51,14,48 51,13,49 51,14,12 51,13,11 7,16,48 7,15,49 7,16,12 7,15,11 7,17,50 48,23,12 48,22,11 48,24,50 48,292,12 49,19,12 49,18,11 49,20,50 49,293,12 49,294,11 12,24,50 12,292,12 12,295,11 12,532,49 11,20,50 11,293,12 11,294,11 11,298,49 11,297,48
get|unsigned 8,57,17 8,31,17 4,3,43 4,5,8 4,4,17 43,7,8 43,6,17 8,31,17 8,36,4 8,37,43 8,38,8 8,39,17 17,32,4 17,33,43 17,34,8 17,35,17 17,227,8 4,42,8 4,41,17 43,44,8 43,43,17 8,46,8 8,45,17 17,48,8 17,47,17 53,12,7 53,50,8 53,49,17 53,51,4 53,52,43 7,54,8 7,53,17 7,17,4 7,55,43 7,56,8
get|double 2,123,34 3,123,34 2,31,34 34,2,3 4,3,35 4,5,2 4,4,34 4,4,34 4,5,3 35,7,2 35,6,34 35,6,34 35,7,3 2,10,34 2,11,3 34,8,34 34,9,3 6,12,7 6,14,2 6,13,34 6,14,3 6,13,34 7,16,2 7,15,34 7,16,3 7,15,34 7,17,4 2,23,3 2,22,34 2,24,4 2,25,35 34,19,3 34,18,34 34,20,4 34,21,35 34,28,2 3,24,4 3,25,35 3,29,2 3,26,34 34,20,4 34,21,35 34,28,2 34,27,34 34,27,34
gcd 12,123,11 47,123,11 36,57,36 11,2,47 11,246,31 47,245,31 36,2,36 12,31,11 47,31,11 12,247,47 12,248,11 11,249,47 11,250,11 36,253,12 36,254,11 36,253,47 36,254,11 36,251,12 36,252,11 36,251,47 36,252,11 11,2,12 11,2,47 11,258,11 11,257,47 12,256,11 12,255,47 47,31,11 36,31,36 47,255,36 47,256,36 11,257,36 11,258,36 36,265,11 12,261,11 12,260,12 11,263,11 11,262,12 11,263,11 47,261,11 47,260,12 47,261,11 47,260,47 11,263,11 11,262,12 11,263,11 11,262,47 11,262,47 11,259,47 11,266,11 12,264,47 12,265,11 12,264,36 11,259,47 11,266,11 11,259,36 11,266,36 47,264,47 47,265,11 47,264,36 47,265,36 11,271,36 11,270,36 11,272,12 47,268,36 47,267,36 47,269,12 47,312,11 31,275,36 31,274,36 31,276,12 31,277,11 31,276,47 11,2,12 36,279,11 36,278,47 36,280,31 36,313,36 36,283,11 36,282,47 36,284,31 36,286,36 36,285,36 47,288,11 47,288,11 47,289,12 11,287,11 11,290,12 36,288,11 36,289,12 36,287,11 36,290,12 32,12,7 32,14,12 32,13,11 32,14,47 32,13,11 7,16,12 7,15,11 7,16,47 7,15,11 7,54,36 12,23,47 12,22,11 12,74,36 12,75,36 11,19,47 11,18,11 11,70,36 11,71,36 47,74,36 47,75,36 11,70,36 11,71,36 11,799,31
get|double 34,1,2 3,123,34 2,31,34 3,31,34 4,3,35 4,5,2 4,4,34 4,5,3 4,4,34 35,7,2 35,6,34 35,7,3 35,6,34 2,11,3 2,10,34 34,9,3 34,8,34 6,12,7 6,13,34 6,14,2 6,14,3 6,13,34 7,15,34 7,16,2 7,16,3 7,15,34 7,17,4 34,19,3 34,18,34 34,20,4 34,21,35 2,23,3 2,22,34 2,24,4 2,25,35 2,29,2 3,24,4 3,25,35 3,29,2 3,26,34 34,20,4 34,21,35 34,28,2 34,27,34 34,28,3
get|unsigned 17,1,2 17,1,3 28,123,17 17,2,2 3,31,17 28,31,17 4,3,29 4,4,17 4,5,2 4,5,3 4,4,17 29,6,17 29,7,2 29,7,3 29,6,17 29,7,28 17,9,3 17,8,17 17,9,28 17,8,17 2,11,3 2,10,17 2,11,28 2,10,17 3,11,28 3,10,17 17,9,28 17,8,17 6,12,7 6,13,17 6,14,2 6,13,17 6,14,3 7,15,17 7,16,2 7,15,17 7,16,3 7,16,28 17,18,17 17,19,3 17,19,28 17,18,17 2,22,17 2,23,3 2,23,28 2,22,17 2,24,4 17,19,28 17,18,17 17,20,4 17,21,29 3,23,28 3,22,17 3,24,4 3,25,29 3,26,17 28,24,4 28,25,29 28,26,17 28,29,2 17,20,4 17,21,29 17,27,17 17,28,2 17,28,3
get|int 2,123,1 1,1,3 1,2,2 1,2,3 4,3,5 4,4,1 4,5,2 4,4,1 4,5,3 5,6,1 5,7,2 5,6,1 5,7,3 1,8,1 1,9,3 2,10,1 2,11,3 6,12,7 6,14,2 6,13,1 6,13,1 6,14,3 7,16,2 7,15,1 7,15,1 7,16,3 7,17,4 2,22,1 2,23,3 2,24,4 2,25,5 1,18,1 1,19,3 1,20,4 1,21,5 1,27,1 1,20,4 1,21,5 1,27,1 1,28,2 3,24,4 3,25,5 3,26,1 3,29,2 3,26,1
sqr 30,123,11 30,31,11 30,31,11 30,303,30 30,302,11 11,301,30 11,300,11 32,12,7 32,14,30 32,13,11 32,305,30 32,304,11 7,16,30 7,15,11 7,307,30 7,306,11 7,307,30 30,311,30 30,310,11 30,311,30 30,310,11 11,309,30 11,308,11 11,309,30 11,308,11
get|string 24,30,8 19,2,25 24,2,8 19,231,24 19,232,8 25,229,24 25,230,8 24,2,8 24,234,19 24,233,25 24,234,24 24,233,8 8,236,19 8,235,25 8,236,24 8,235,8 8,40,24 19,239,24 19,240,8 25,237,24 25,238,8 24,239,24 24,240,8 8,237,24 8,238,8 16,12,7 16,49,24 16,50,8 16,242,19 16,241,25 7,53,24 7,54,8 7,244,19 7,243,25 7,244,24
main 37,57,17 17,30,36 20,31,19 38,31,19 39,106,38 39,107,19 40,3,41 39,144,40 39,145,41 38,148,40 38,149,41 19,146,40 19,147,41 20,153,39 20,155,38 20,154,19 20,153,40 19,150,39 19,152,38 19,151,19 19,150,40 19,533,41 17,2,36 17,158,42 36,157,42 17,2,37 17,159,43 37,160,43 17,2,37 36,31,17 17,164,36 17,163,17 37,162,36 37,161,17 17,2,37 17,2,37 44,107,17 44,106,37 17,166,17 17,165,37 17,165,36 37,168,17 37,167,37 37,167,36 37,168,17 43,170,17 43,169,37 43,169,36 43,170,17 43,356,17 17,175,17 17,174,37 37,173,17 37,172,37 37,178,44 36,173,17 36,172,37 36,178,44 36,179,17 17,175,17 17,174,37 17,176,44 17,177,17 17,534,37 17,184,44 17,185,17 17,186,37 37,181,44 37,182,17 37,183,37 37,189,17 37,190,36 37,62,20 37,63,19 17,187,17 17,188,36 17,64,20 17,65,19 17,192,39 17,64,20 17,65,19 17,192,39 17,537,38 36,62,20 36,63,19 36,191,39 36,195,38 36,194,19 39,202,17 38,200,17 38,199,36 19,198,17 19,197,36 19,800,42 40,202,17 40,196,36 40,203,42 40,204,17 41,206,17 41,205,36 41,207,42 41,208,17 41,209,37 17,213,17 17,214,37 17,215,43 36,210,17 36,211,37 36,212,43 36,536,17 42,217,17 42,218,37 42,219,43 42,221,17 42,220,37 17,223,31 37,222,31 44,224,31 17,225,31 37,226,31 1,12,7 1,50,37 1,49,17 1,49,17 1,50,36 7,54,37 7,53,17 7,53,17 7,54,36 7,69,20
solve|deceitful 55,123,102 102,1,103 104,57,1 1,2,104 1,159,31 104,160,31 105,801,106 1,2,104 1,802,107 1,802,108 104,803,107 104,803,108 107,804,108 109,805,110 107,804,111 1,2,104 1,802,112 1,802,111 104,803,112 104,803,111 112,804,111 109,806,107 109,806,111 109,807,1 109,808,104 110,806,107 110,806,111 110,807,1 110,808,104 110,809,112 107,810,1 107,811,104 107,812,112 107,812,111 111,810,1 111,811,104 111,812,112 111,812,111 105,813,1 105,814,104 105,815,107 105,815,108 106,813,1 106,814,104 106,815,107 106,815,108 106,816,109 1,817,109 1,817,110 104,818,109 104,818,110 104,819,107 107,820,109 107,820,110 107,821,107 107,821,111 108,820,109 108,820,110 108,821,107 108,821,111 113,822,105 113,822,106 113,823,107 104,31,1 104,366,1 104,369,104 104,370,31 104,824,113 1,367,1 1,368,104 1,372,31 1,825,113 1,826,113 104,827,113 31,828,113 1,12,7 1,14,55 1,13,102 1,13,102 1,14,103 7,16,55 7,15,102 7,15,102 7,16,103 7,54,104 55,22,102 55,23,103 55,74,104 55,75,1 102,18,102 102,19,103 102,70,104 102,71,1 102,829,1 102,70,104 102,71,1 102,829,1 102,830,104 103,74,104 103,75,1 103,831,1 103,832,104 103,833,31
get|line 24,30,8 19,2,25 8,31,24 26,107,19 26,106,25 26,106,8 26,107,24 19,110,8 19,111,24 25,108,8 25,109,24 8,31,24 24,32,26 24,113,19 24,112,25 24,112,8 8,36,26 8,115,19 8,114,25 8,114,8 8,115,24 26,42,8 19,118,8 19,119,24 25,116,8 25,117,24 8,116,8 8,117,24 24,118,8 24,119,24 16,12,7 16,49,24 16,50,8 16,51,26 16,540,19 7,53,24 7,54,8 7,17,26 7,122,19 7,121,25
gcd 12,123,11 47,123,11 36,30,36 11,2,47 11,246,31 47,245,31 36,2,36 11,2,12 47,31,11 11,249,47 11,250,11 12,247,47 12,248,11 36,254,11 36,253,12 36,253,47 36,254,11 36,252,11 36,251,12 36,251,47 36,252,11 12,31,11 47,31,11 12,255,47 12,256,11 11,257,47 11,258,11 47,31,11 36,2,36 47,256,36 47,255,36 11,258,36 11,257,36 36,264,12 11,262,12 11,263,11 12,260,12 12,261,11 12,260,47 47,260,12 47,261,11 47,260,47 47,261,11 11,262,12 11,263,11 11,262,47 11,263,11 11,262,47 12,264,47 12,265,11 11,259,47 11,266,11 11,266,36 47,264,47 47,265,11 47,265,36 47,264,36 11,259,47 11,266,11 11,266,36 11,259,36 11,271,36 11,270,36 11,273,11 47,268,36 47,267,36 47,312,11 47,269,12 31,275,36 31,274,36 31,277,11 31,276,12 31,276,47 12,31,11 36,283,11 36,282,47 36,284,31 36,286,36 36,279,11 36,278,47 36,280,31 36,313,36 36,281,36 11,290,12 47,289,12 47,288,11 11,290,12 11,287,11 36,290,12 36,287,11 36,289,12 36,288,11 32,12,7 32,14,12 32,13,11 32,14,47 32,13,11 7,16,12 7,15,11 7,16,47 7,15,11 7,53,36 12,23,47 12,22,11 12,75,36 12,74,36 11,19,47 11,18,11 11,71,36 11,70,36 47,75,36 47,74,36 11,71,36 11,70,36 11,799,31
get|double 34,1,2 34,1,3 28,123,34 34,2,2 3,31,34 28,31,34 4,3,52 4,4,34 4,5,2 4,5,3 4,4,34 52,6,34 52,7,2 52,7,3 52,6,34 52,7,28 34,9,3 34,8,34 34,9,28 34,8,34 2,11,3 2,10,34 2,11,28 2,10,34 3,11,28 3,10,34 34,9,28 34,8,34 6,12,7 6,13,34 6,14,2 6,13,34 6,14,3 7,15,34 7,16,2 7,15,34 7,16,3 7,16,28 34,18,34 34,19,3 34,19,28 34,18,34 2,22,34 2,23,3 2,23,28 2,22,34 2,24,4 34,19,28 34,18,34 34,20,4 34,21,52 3,23,28 3,22,34 3,24,4 3,25,52 3,26,34 28,24,4 28,25,52 28,26,34 28,29,2 34,20,4 34,21,52 34,27,34 34,28,2 34,28,3
abs 11,1,30 11,2,30 11,124,31 30,125,31 30,31,11 30,31,11 11,126,30 11,127,11 11,128,30 30,129,30 30,130,11 30,131,30 30,132,11 31,133,30 31,134,11 31,135,30 31,136,11 30,137,30 30,138,11 11,139,30 11,140,11 32,12,7 32,13,11 32,14,30 7,15,11 7,16,30 7,141,31 11,142,31 30,143,31
get|int 2,123,1 3,123,1 1,1,28 2,31,1 3,31,1 28,31,1 4,3,54 4,5,2 4,4,1 4,5,3 4,4,1 54,7,2 54,6,1 54,7,3 54,6,1 54,7,28 2,11,3 2,10,1 2,11,28 2,10,1 1,9,3 1,8,1 1,9,28 1,8,1 3,11,28 3,10,1 1,9,28 1,8,1 6,12,7 6,14,2 6,13,1 6,14,3 6,13,1 7,16,2 7,15,1 7,16,3 7,15,1 7,15,1 2,23,3 2,22,1 2,22,1 2,23,28 1,19,3 1,18,1 1,18,1 1,19,28 1,20,4 3,22,1 3,23,28 3,24,4 3,25,54 1,18,1 1,19,28 1,20,4 1,21,54 1,28,2 1,20,4 1,21,54 1,28,2 1,27,1 28,24,4 28,25,54 28,29,2 28,26,1 28,29,3
get|int 8,57,1 8,31,1 4,3,9 4,5,8 4,4,1 9,7,8 9,6,1 8,31,1 8,36,4 8,37,9 8,38,8 8,39,1 1,32,4 1,33,9 1,34,8 1,35,1 1,227,8 4,42,8 4,41,1 9,44,8 9,43,1 8,46,8 8,45,1 1,48,8 1,47,1 10,12,7 10,50,8 10,49,1 10,51,4 10,52,9 7,54,8 7,53,1 7,17,4 7,55,9 7,56,8
get|unsigned 17,1,2 17,1,3 17,2,2 3,31,17 4,3,27 4,4,17 4,5,2 4,5,3 4,4,17 27,6,17 27,7,2 27,7,3 27,6,17 17,9,3 17,8,17 2,11,3 2,10,17 6,12,7 6,13,17 6,14,2 6,13,17 6,14,3 7,15,17 7,16,2 7,15,17 7,16,3 7,17,4 17,18,17 17,19,3 17,20,4 17,21,27 2,22,17 2,23,3 2,24,4 2,25,27 2,26,17 17,20,4 17,21,27 17,27,17 17,28,2 3,24,4 3,25,27 3,26,17 3,29,2 3,29,3
operator|<< 48,123,49 12,123,11 11,2,12 50,107,11 50,106,12 49,2,48 50,41,49 50,42,48 11,119,49 11,118,48 12,117,49 12,116,48 51,12,7 51,14,48 51,13,49 51,14,12 51,13,11 7,16,48 7,15,49 7,16,12 7,15,11 7,17,50 48,23,12 48,22,11 48,24,50 48,295,11 49,19,12 49,18,11 49,20,50 49,294,11 49,293,12 12,24,50 12,295,11 12,292,12 12,532,49 11,20,50 11,294,11 11,293,12 11,298,49 11,297,48
flush 24,30,33 19,2,25 24,2,33 26,107,19 26,106,25 26,107,24 26,106,33 19,111,24 19,110,33 25,109,24 25,108,33 24,32,26 24,113,19 24,112,25 24,113,24 33,36,26 33,115,19 33,114,25 33,115,24 33,114,33 6,12,7 6,49,24 6,50,33 6,51,26 6,540,19 7,53,24 7,54,33 7,17,26 7,122,19 7,121,25
get|double 8,57,34 8,31,34 4,3,45 4,5,8 4,4,34 45,7,8 45,6,34 34,2,8 8,36,4 8,37,45 8,38,8 8,39,34 34,32,4 34,33,45 34,34,8 34,35,34 34,299,34 4,41,34 4,42,8 45,43,34 45,44,8 8,45,34 8,46,8 34,47,34 34,48,8 46,12,7 46,50,8 46,49,34 46,51,4 46,52,45 7,54,8 7,53,34 7,17,4 7,55,45 7,56,8
foreach|test 18,123,17 102,30,114 1,30,94 1,30,94 1,30,55 8,57,34 102,30,114 55,57,1 115,57,102 115,57,102 25,31,19 1,2,55 25,229,1 25,230,55 19,231,1 19,232,55 55,31,1 55,160,31 1,159,31 55,31,1 1,2,55 55,318,1 55,317,55 1,316,1 1,315,55 55,31,1 25,31,19 34,2,8 25,229,34 25,230,8 19,231,34 19,232,8 8,31,34 116,106,8 116,107,34 34,2,8 116,107,34 116,106,8 25,834,116 25,835,8 19,836,116 19,837,8 19,838,34 34,836,116 34,837,8 34,838,34 34,836,116 8,834,116 8,835,8 8,839,34 8,834,116 8,839,34 116,804,116 116,840,34 116,841,8 8,842,116 8,843,34 8,844,8 34,845,116 34,846,34 34,847,8 55,340,55 55,341,1 55,341,1 1,339,55 1,353,1 1,353,1 1,339,55 31,355,55 31,354,1 31,354,1 31,355,55 31,171,55 55,349,55 55,350,1 1,351,55 1,352,1 1,388,25 1,351,55 1,352,1 1,388,25 1,385,19 55,349,55 55,350,1 55,387,25 55,386,19 55,386,34 55,395,25 55,394,19 55,394,34 55,395,8 1,391,25 1,390,19 1,390,34 1,391,8 1,184,116 55,31,1 55,160,31 1,159,31 1,2,55 55,31,1 1,315,55 1,316,1 55,317,55 55,318,1 1,2,55 25,31,19 34,2,8 25,229,34 25,230,8 19,231,34 19,232,8 8,31,34 117,106,8 117,107,34 34,2,8 117,107,34 117,106,8 25,834,117 25,835,8 19,836,117 19,837,8 19,838,34 34,836,117 34,837,8 34,838,34 34,836,117 8,834,117 8,835,8 8,839,34 8,834,117 8,839,34 117,804,117 117,840,34 117,841,8 8,842,117 8,843,34 8,844,8 34,845,117 34,846,34 34,847,8 55,341,1 55,340,55 55,340,55 1,353,1 1,339,55 1,339,55 1,353,1 31,354,1 31,355,55 31,355,55 31,354,1 31,356,1 1,352,1 1,351,55 55,350,1 55,349,55 55,387,25 55,350,1 55,349,55 55,387,25 55,386,19 1,352,1 1,351,55 1,388,25 1,385,19 1,385,34 1,391,25 1,390,19 1,390,34 1,391,8 55,395,25 55,394,19 55,394,34 55,395,8 55,181,117 118,588,119 118,588,120 119,591,120 118,588,119 118,588,120 119,591,120 118,588,121 118,588,122 121,591,122 118,588,121 118,588,122 121,591,122 123,31,19 23,31,19 124,848,23 124,849,19 123,87,124 123,850,23 123,851,19 19,83,124 19,852,23 19,853,19 55,31,1 55,160,31 1,159,31 55,31,1 1,2,55 55,318,1 55,317,55 1,316,1 1,315,55 55,31,1 123,31,19 102,2,114 1,2,55 102,330,1 102,329,55 114,328,1 114,327,55 125,854,102 125,855,114 125,854,1 125,855,55 123,87,125 123,856,102 123,857,114 123,856,1 19,83,125 19,858,102 19,859,114 19,858,1 19,859,55 55,340,55 55,341,1 55,341,1 1,339,55 1,353,1 1,353,1 1,339,55 31,355,55 31,354,1 31,354,1 31,355,55 31,171,55 55,349,55 55,350,1 1,351,55 1,352,1 1,860,123 1,351,55 1,352,1 1,860,123 1,861,19 55,349,55 55,350,1 55,862,123 55,863,19 55,864,125 55,865,123 55,866,19 55,867,125 1,868,123 1,869,19 1,870,125 19,2,123 23,31,19 19,60,23 19,61,19 123,58,23 123,59,19 123,31,19 19,2,23 126,849,19 126,848,23 123,87,126 123,851,19 123,850,23 19,83,126 19,853,19 19,852,23 1,2,55 1,159,31 55,160,31 1,2,55 1,2,55 1,316,1 1,315,55 55,318,1 55,317,55 55,31,1 19,2,123 102,2,115 1,2,55 102,330,1 102,329,55 115,328,1 115,327,55 125,854,102 125,855,115 125,854,1 125,855,55 19,83,125 19,858,102 19,859,115 19,858,1 123,87,125 123,856,102 123,857,115 123,856,1 123,857,55 1,353,1 1,339,55 1,353,1 55,341,1 55,340,55 55,341,1 55,340,55 31,354,1 31,355,55 31,354,1 31,355,55 31,171,55 1,351,55 1,352,1 55,349,55 55,350,1 55,863,19 1,351,55 1,352,1 1,861,19 1,860,123 55,349,55 55,350,1 55,863,19 55,862,123 55,864,125 55,866,19 55,865,123 55,867,125 1,869,19 1,868,123 1,870,125 19,2,123 19,2,23 19,61,19 19,60,23 123,59,19 123,58,23 94,31,1 114,31,102 102,2,115 127,106,114 127,107,102 127,107,102 127,106,115 114,109,102 114,108,115 102,111,102 102,110,115 94,157,127 94,398,114 94,399,102 94,399,102 1,158,127 1,400,114 1,401,102 1,401,102 1,400,115 94,31,1 102,2,114 102,2,115 128,107,102 128,106,114 128,107,102 128,106,115 102,111,102 102,110,115 114,109,102 114,108,115 94,157,128 94,399,102 94,398,114 94,399,102 1,158,128 1,401,102 1,400,114 1,401,102 1,400,115 20,31,19 17,2,18 17,78,21 18,79,21 22,80,17 22,81,18 22,82,21 20,87,22 20,88,17 20,89,18 20,90,21 19,83,22 19,84,17 19,85,18 19,86,21 20,31,19 1,2,94 1,2,94 125,849,1 125,848,94 1,83,125 1,853,1 1,852,94 94,87,125 94,851,1 94,850,94 20,851,1 20,850,94 20,90,125 20,88,1 19,853,1 19,852,94 19,86,125 19,84,1 19,85,94 19,2,20 19,2,23 19,61,19 19,60,23 20,59,19 20,58,23 102,187,1 102,188,94 102,187,1 102,188,94 114,189,1 114,190,94 114,189,1 114,190,94 114,189,1 1,187,1 1,188,94 1,187,1 1,188,55 94,189,1 94,190,94 94,189,1 94,190,55 94,190,8 1,187,1 1,188,55 1,188,8 1,187,34 94,189,1 94,190,55 94,190,8 94,189,34 94,189,102 1,188,8 1,187,34 1,187,102 1,188,114 55,190,8 55,189,34 55,189,102 55,190,114 55,190,55 8,189,102 8,190,114 8,190,55 8,189,1 34,187,102 34,188,114 34,188,55 34,187,1 34,188,115 102,188,55 102,187,1 102,188,115 102,187,102 114,190,55 114,189,1 114,190,115 114,189,102 114,190,115 55,190,115 55,189,102 55,190,115 55,189,102 1,188,115 1,187,102 1,188,115 1,187,102 1,233,25 115,190,115 115,189,102 115,235,25 115,236,19 102,188,115 102,187,102 102,233,25 102,234,19 102,234,1 115,235,25 115,236,19 115,236,1
tostr 12,123,11 14,30,13 14,2,13 11,2,12 14,61,11 14,60,12 13,59,11 13,58,12 14,65,14 14,64,13 14,65,11 14,64,12 13,63,14 13,62,13 13,63,11 13,62,12 13,314,15 14,68,15 13,67,15 11,68,15 12,67,15 16,12,7 16,14,12 16,13,11 16,49,14 16,50,13 7,16,12 7,15,11 7,53,14 7,54,13 7,102,14 12,75,14 12,74,13 12,77,14 12,76,13 11,71,14 11,70,13 11,73,14 11,72,13 11,73,11
solve|regular 102,1,55 102,1,103 1,30,104 104,31,1 104,160,31 1,159,31 109,801,110 104,31,1 104,803,112 104,803,108 1,802,112 1,802,108 112,804,108 112,804,111 109,814,104 109,813,1 109,815,112 109,815,108 110,814,104 110,813,1 110,815,112 110,815,108 110,871,112 104,872,112 104,872,111 1,873,112 1,873,111 112,812,112 112,812,111 108,812,112 108,812,111 113,822,109 113,822,110 113,823,112 1,2,104 1,368,104 1,367,1 1,372,31 1,825,113 104,369,104 104,366,1 104,370,31 104,824,113 104,827,113 1,826,113 31,828,113 1,12,7 1,13,102 1,14,55 1,13,102 1,14,103 7,15,102 7,16,55 7,15,102 7,16,103 7,53,1 102,18,102 102,19,103 102,71,1 102,70,104 55,22,102 55,23,103 55,75,1 55,74,104 55,832,104 102,71,1 102,70,104 102,830,104 102,829,1 103,75,1 103,74,104 103,832,104 103,831,1 103,833,31
get|unsigned 8,57,17 17,2,8 4,3,43 4,4,17 4,5,8 43,6,17 43,7,8 17,2,8 8,36,4 8,37,43 8,39,17 8,38,8 17,32,4 17,33,43 17,35,17 17,34,8 17,299,17 4,41,17 4,42,8 43,43,17 43,44,8 17,47,17 17,48,8 8,45,17 8,46,8 53,12,7 53,50,8 53,49,17 53,51,4 53,52,43 7,54,8 7,53,17 7,17,4 7,55,43 7,228,17
