id,path
404,67 22 22 23 131
888,87 88 89 116 194 196
1720,13 14 58 81 82 16
433,57 14 58 22 29 115 116 30 51 54
1660,92 243 121 245 177 178 91
2189,31 81 94 95 201 23 78 74 79
2218,48 45 267 22 23 59 98
809,6 2 115 116 30 23 53
312,31 14 45 50 29 115 116 30 23 53
1730,93 94 95 82 59 98
205,100 22 23 23 59 98
1757,87 88 89 86 23 23 23 59 98
2688,31 14 45 50 63 14 45 50 85 86 5
1708,31 14 58 22 29 115 116 175 176
355,6 2 115 116 30 23 24
1389,125 88 94 95 122 89 86 23 117
373,31 14 58 29 115 116 30 23 117
1177,100 63 64 104 19
1248,129 22 22 23 23 155
1454,92 200 94 95 122 89 116 30 23 117
977,39 33 14 15 16
1671,238 247 249 250 40
2240,84 14 45 50 22 185 186 65
1448,62 81 94 95 201 23 53
1510,32 113 73 163 22 29 30 5
2676,130 22 29 30 5
2663,48 45 46 15 70
1938,92 200 94 115 116 175 68
452,147 142 143 16
988,44 45 60 14 15 64 68
1497,57 14 110 14 15 40
832,179 180 181 198
1799,57 14 58 22 22 23 164 90
493,120 121 122 119 82 23 68
2556,69 22 85 88 89 91
2669,31 14 45 50 22 22 23 66
1347,69 22 81 94 95 201 23 117
1054,69 73 163 73 77 22 23 53
1333,151 185 193 194 5
2238,48 45 46 15 83
1260,69 22 200 201 5
1833,92 29 115 88 121 94 115 116 175 176
1802,67 22 23 164 74 23 104 19
1498,57 14 110 14 15 56
2613,151 73 210 14 45 50 29 30 5
59,55 22 23 51 46 47
58,55 22 23 51 46 52
235,67 22 22 23 68
681,151 73 77 22 23 53
1721,57 14 58 81 82 16
2302,76 160 161 159
1748,21 22 23 23 23 59 98
230,67 22 22 23 66
229,67 22 22 23 65
81,48 45 46 15 41
1646,31 81 245 246 244 176
98,48 45 46 15 40
354,6 2 115 116 30 23 117
603,69 73 74 75
311,31 14 45 50 29 115 116 30 23 117
2019,13 103 104 23 51 46 47
796,62 185 193 194 190 144
2018,13 103 104 23 51 46 52
1761,109 58 59 15 40
139,48 45 46 15 56
1760,109 58 59 15 41
1194,69 73 77 22 23 59 98
1537,31 103 22 23 114 35
1750,172 22 23 23 23 59 98
1369,62 22 29 115 116 30 59 98
2336,87 88 89 116 30 23 23 68
2482,67 63 64 23 19
1135,31 103 22 23 114 36
2484,67 63 64 23 16
1134,31 103 22 23 114 37
1709,31 14 58 22 29 115 116 175 68
2600,13 14 45 50 22 103 104 16
787,55 183 193 194 186 68
1939,92 200 94 115 116 175 5
1447,62 81 94 95 201 23 117
1557,13 81 82 23 164 74 79
635,13 103 104 23 23 162
1558,13 81 82 23 164 74 66
2450,62 73 163 22 81 82 16
1418,39 113 22 22 85 88 89 91
1016,13 81 82 23 59 206
1723,44 45 50 22 29 115 88 89 91
2156,125 88 94 95 122 89 116 30 23 268 54
1178,100 63 64 104 23 68
1946,129 22 23 51 46 52
950,151 22 22 23 23 164 90
1348,69 22 81 94 95 201 23 53
2201,38 113 22 85 86 5
2594,154 22 23 59 98
48,48 45 46 15 19
1685,69 247 249 251 252 16
1947,129 22 23 51 46 47
1995,31 81 94 95 89 246 82 19
181,62 81 94 95 89 86 23 78 90
82,48 45 46 15 16
1428,31 81 94 95 89 86 23 53
1764,228 63 64 150
2525,20 8 110 111 15 40
1224,76 160 161 225
1222,76 160 161 224
1230,226 160 106 107 40
376,20 8 58 22 23 126
2422,13 63 64 164 90
1888,44 45 50 22 29 115 116 143 149
1179,100 63 64 104 23 162
1009,48 45 60 14 58 22 29 30 5
1013,154 22 23 59 206
1700,57 133 136 22 29 115 116 30 23 254
1937,92 200 94 115 116 175 176
2627,44 45 60 14 45 50 63 14 15 16
1552,32 113 22 103 22 29 30 5
2377,20 8 110 111 15 41
1002,109 58 59 15 19
797,62 185 193 194 190 191
931,204 22 22 23 23 164 90
2095,31 22 22 22 85 86 5
845,57 14 45 50 22 23 150
1290,151 22 29 115 88 89 91
720,92 29 115 88 94 115 116 175 176
917,48 45 50 22 63 14 15 16
978,39 33 14 58 22 29 30 5
270,71 14 110 14 15 16
2351,48 45 46 15 111 98
2488,62 22 63 14 15 16
2581,48 45 50 63 64 65
2259,31 81 94 95 89 265 186 23 114 37
2207,147 142 143 144
1687,62 247 249 251 252 16
77,57 14 58 22 29 30 5
451,147 142 143 117
2321,20 8 110 111 15 19
816,31 14 110 14 45 50 22 29 115 116 30 23 117
276,21 22 23 59 15 19
132,62 81 82 16
2289,92 29 115 177 178 91
2163,49 50 22 22 22 23 65
2378,20 8 110 111 15 16
1752,172 22 23 23 23 59 15 56
2089,109 58 59 15 16
1365,13 81 82 23 59 98
1427,31 81 94 95 89 86 23 117
813,39 113 22 29 115 116 30 23 117
2099,71 14 110 14 15 40
2501,62 22 63 14 15 40
158,44 45 46 15 64 23 66
2100,71 14 110 14 15 41
2668,31 14 45 50 22 22 23 65
1902,67 63 64 68
721,92 29 115 88 94 115 116 175 68
1479,234 14 15 34 36
2355,43 14 17 22 29 115 116 30 51 54
1478,234 14 15 34 37
844,57 14 45 50 22 23 167
1075,27 22 29 30 5
365,31 14 58 22 29 115 116 30 59 9 10
1686,238 247 249 251 252 16
1751,172 22 23 23 23 59 15 19
2300,76 160 161 273
2274,13 14 17 22 29 115 116 30 59 9 26
2233,69 22 81 94 95 89 86 23 268 54
1170,156 22 103 104 16
2120,48 45 46 15 61 46 52
364,31 14 58 22 29 115 116 30 59 9 26
1439,125 88 121 94 115 116 95 123
625,129 22 22 81 82 16
1456,62 73 163 22 23 128
1968,32 113 22 22 29 115 88 89 91
637,156 22 22 103 104 16
1623,151 22 22 23 23 59 15 19
1746,32 113 22 22 23 59 98
2203,38 113 22 85 88 89 91
101,67 63 64 66
498,69 22 81 94 95 89 116 30 23 117
940,43 14 58 73 74 75
1920,97 110 111 15 211 90
2481,69 63 64 23 152
1202,151 22 22 29 115 116 30 23 78 90
1988,69 22 81 245 246 89 246 123
2397,87 88 89 276 176
1743,31 14 58 22 23 114 36
584,42 14 17 22 29 30 5
1457,62 73 163 22 23 150
1742,31 14 58 22 23 114 37
1871,87 88 89 246 82 23 68
2105,44 45 46 15 211 90
792,92 193 194 186 187
2518,69 22 22 22 23 23 68
2538,31 14 45 60 14 15 61 46 52
2206,147 142 143 237
1096,217 22 23 19
2020,48 45 50 22 103 104 16
436,57 14 45 50 29 115 116 30 51 54
785,21 183 193 194 5
1056,80 73 163 73 77 22 23 164 90
648,31 103 22 23 104 19
615,69 22 22 23 165
927,129 22 23 150
1122,151 22 22 29 30 5
1249,69 22 22 23 169
351,42 14 58 29 30 5
2604,154 22 23 104 23 53
811,92 2 115 116 30 23 59 98
1087,212 58 59 15 19
1681,239 251 252 250 248 237
1323,92 200 121 94 115 116 30 23 117
2023,13 103 104 23 104 23 51 46 52
2186,62 81 94 95 201 23 78 90
2011,31 14 58 81 94 95 89 86 23 117
933,170 22 23 23 164 90
392,62 22 81 82 16
1358,67 22 22 200 201 5
2320,12 8 110 111 15 64 66
698,87 88 89 116 95 82 19
388,129 22 23 66
523,62 22 22 22 22 23 65
1306,129 22 23 68
1568,69 73 210 14 15 16
1825,31 14 58 22 22 85 88 94 95 122 124
999,32 113 63 14 15 61 46 52
1964,92 200 121 94 115 116 30 23 171
1586,69 73 210 14 15 40
1488,43 14 110 14 15 56
1587,69 73 210 14 15 41
290,13 14 45 50 22 29 30 5
1414,38 113 22 22 85 86 5
2657,69 22 22 23 51 46 52
1899,67 22 63 64 68
1815,92 85 88 94 115 116 30 23 53
408,67 22 63 64 66
407,67 22 63 64 65
1487,43 14 110 14 15 40
2152,62 81 94 95 89 86 51 54
951,151 22 22 23 23 164 74 79
1203,151 22 22 29 115 116 30 23 78 74 79
71,21 22 23 59 9 26
2650,173 174 115 88 89 91
2282,125 88 94 115 88 94 115 116 30 51 54
798,92 193 194 190 144
2550,84 14 110 14 58 85 86 5
163,80 73 77 22 23 23 65
162,80 73 77 22 23 23 66
1275,69 22 200 94 95 122 201 23 117
1931,44 45 50 22 200 201 5
624,80 73 163 22 22 81 82 16
1576,39 113 22 81 94 95 201 23 117
209,31 14 58 22 22 23 101
1812,151 63 14 58 22 29 115 116 95 123
72,21 22 23 59 9 10
2381,43 14 110 14 15 16
460,43 14 17 22 29 115 116 30 59 148
2480,69 63 64 23 19
1000,49 60 14 15 16
31,13 14 15 34 37
799,92 193 194 190 191
353,1 2 115 116 30 23 117
1645,151 22 22 81 245 246 244 23 114 37
389,13 81 82 23 68
391,13 81 82 23 66
2682,28 281 106 107 108
639,13 103 104 23 164 90
210,31 14 58 22 22 23 66
1404,31 14 58 22 22 23 65
1838,87 177 178 116 95 123
2038,21 22 23 23 23 23 23 114 37
2651,92 174 115 88 89 91
1069,31 81 208 209 89 96
1640,93 245 246 82 19
986,49 60 14 15 40
1044,13 81 82 23 53
2039,21 22 23 23 23 23 23 114 36
307,92 29 115 116 30 51 54
2565,93 118 119 82 23 59 98
32,13 14 15 34 35
33,13 14 15 34 36
863,92 193 194 186 51 54
1950,172 22 200 201 5
1983,125 88 245 246 122 124
904,31 14 58 22 29 115 88 94 115 116 175 176
1639,120 121 122 244 23 114 37
247,69 22 22 23 66
228,69 22 22 23 65
2339,13 14 45 50 22 22 22 23 65
2520,13 81 82 23 23 23 23 23 23 155
2433,62 73 163 63 14 15 16
2677,44 45 267 22 23 59 9 26
303,39 113 22 29 30 5
1438,92 85 88 121 94 115 116 95 82 19
949,151 22 22 23 126
660,72 73 77 22 23 171
236,69 22 22 23 68
1466,97 58 22 85 86 5
524,21 22 23 23 23 23 23 23 23 23 66
305,69 22 22 29 115 116 30 51 54
922,129 22 23 203
390,13 81 82 23 128
823,62 22 29 115 88 193 115 116 175 176
2368,42 14 15 64 23 23 19
896,151 22 81 94 95 89 116 194 196
2681,28 281 106 107 40
501,125 88 142 115 88 94 95 122 124
1052,76 77 78 74 164 90
2527,62 63 14 15 111 9 26
1359,62 22 22 200 201 5
233,67 22 23 66
1789,72 73 74 23 104 19
1132,151 22 103 22 23 114 37
752,57 14 110 14 15 16
1697,97 58 59 15 252 253
1043,13 81 82 23 117
374,31 14 58 29 115 116 30 23 53
1906,69 22 63 133 134 16
2528,62 63 14 15 111 9 10
65,7 8 58 59 15 19
531,13 81 82 23 155
890,87 88 89 116 194 184 117
764,62 73 74 75
1324,92 200 121 94 115 116 30 23 53
1621,151 22 22 23 169
2182,120 121 122 201 23 78 90
1499,13 81 82 23 167
1197,55 22 23 59 15 64 104 19
405,69 22 22 23 131
525,21 22 23 23 23 23 23 23 23 23 65
532,13 81 82 23 51 54
998,32 113 63 14 15 61 54
1773,151 63 14 58 22 29 30 5
1154,13 81 82 23 150
55,21 22 23 51 54
393,129 22 81 82 16
122,72 73 77 22 23 53
1496,57 14 58 22 85 88 89 91
1620,188 22 22 23 23 59 98
2434,80 73 163 63 14 15 16
138,44 45 46 15 56
819,31 14 45 50 22 29 115 116 194 19
1214,92 200 94 115 116 30 23 78 74 66
1313,100 22 23 66
1703,92 29 115 116 30 23 254
1199,62 63 14 58 22 29 30 5
824,92 29 115 88 193 115 116 175 176
1506,21 22 23 164 90
1530,44 45 46 15 64 23 114 37
80,44 45 46 15 41
2123,31 14 45 50 85 86 5
1469,93 94 95 82 23 23 23 128
2297,272 269 180 181 16
123,72 73 77 22 23 66
1308,129 22 103 22 23 99
2121,43 14 45 60 14 45 50 85 86 5
1712,105 106 180 181 16
1913,62 63 133 136 22 29 30 5
216,102 22 103 104 16
46,44 45 46 15 19
1981,92 29 115 88 245 246 122 124
219,21 22 23 104 23 59 98
67,12 8 58 59 15 56
227,67 22 23 68
2257,31 14 45 50 22 81 94 95 89 265 266
2045,87 88 89 259 260
1367,223 22 81 82 16
2443,48 45 50 22 23 167
1915,31 133 136 22 29 115 116 30 23 117
8,7 8 17 18 15 19
542,12 8 58 59 15 70
288,44 45 46 15 16
1396,39 33 34 36
30,39 33 34 37
1059,80 73 163 22 85 86 5
2147,87 88 89 116 30 23 268 54
1541,32 113 22 23 114 35
2406,57 14 45 50 29 115 116 30 23 268 54
1142,32 113 22 23 114 36
1141,32 113 22 23 114 37
1338,31 193 194 89 116 95 82 19
2044,257 258 259 5
1320,57 14 58 22 22 200 121 94 115 116 30 23 117
1917,87 88 89 116 30 23 137 140
309,92 29 115 116 30 51 46 47
457,31 142 143 89 96
638,151 22 22 103 104 16
2091,69 22 23 23 19
652,170 22 23 104 23 164 74 79
2015,48 45 50 22 23 128
1714,42 106 180 181 178 96
308,92 29 115 116 30 51 46 52
66,12 8 58 59 15 19
771,31 14 58 22 29 115 116 30 23 78 90
2392,173 275 276 51 46 52
1797,13 14 58 22 22 23 65
2382,44 45 46 15 111 9 26
254,12 8 58 59 15 41
857,72 73 77 22 23 51 54
1502,32 113 73 74 75
2396,31 14 45 50 275 276 5
453,147 142 143 89 96
2438,62 73 163 63 14 45 50 29 30 5
1702,31 133 136 22 29 115 116 30 23 19
902,31 14 45 50 22 29 115 116 95 82 19
2393,173 275 276 51 46 47
769,43 14 45 50 22 29 115 116 30 23 117
1314,100 22 23 101
1062,80 73 163 22 85 88 89 91
1235,228 22 23 150
1468,93 94 95 82 23 23 23 68
2364,57 14 15 64 23 66
357,92 2 115 116 30 23 24
2237,44 45 46 15 83
2365,57 14 15 64 23 65
358,92 2 115 116 30 23 25
2411,31 14 45 50 275 88 94 115 116 95 123
1140,39 113 22 23 114 37
2607,31 14 45 50 22 103 22 81 82 16
400,67 22 23 131
491,32 113 22 81 118 119 89 116 30 23 117
2076,263 264 265 262 37
2006,69 73 163 22 22 23 114 37
2077,263 264 265 262 36
1503,39 113 73 74 75
375,12 8 58 59 15 16
674,93 94 95 82 23 104 23 68
1916,31 133 136 22 29 115 116 30 23 53
2662,44 45 46 15 70
1500,72 73 74 114 37
1680,239 251 252 250 248 66
1501,72 73 74 114 36
1521,32 113 22 63 64 65
1109,27 22 23 59 98
1229,27 160 106 107 161 90
2517,69 22 22 22 23 169
2177,69 73 77 22 23 59 9 26
2536,43 14 45 60 14 15 61 54
1343,21 22 23 23 231
2145,151 22 29 115 116 30 23 268 54
1366,13 81 82 23 59 15 56
1841,105 106 180 181 178 116 95 123
1801,31 14 58 22 22 23 164 74 79
1897,71 14 15 34 37
1898,71 14 15 34 36
2451,80 73 163 22 81 82 16
2239,13 14 45 50 22 185 186 65
1231,226 160 106 107 161 90
2577,125 88 118 119 122 89 86 23 117
2050,44 45 50 22 81 94 95 89 96
1288,92 29 115 116 30 23 150
1659,62 22 243 121 245 177 178 91
2371,69 63 14 45 50 29 30 5
825,92 29 115 88 193 115 116 175 68
1814,92 85 88 94 115 116 30 23 117
440,57 14 45 50 29 115 88 89 91
1668,69 247 248 68
2519,69 22 22 22 23 23 167
242,55 22 23 23 23 23 23 68
1212,92 200 94 115 116 30 23 78 90
740,156 157 160 106 180 181 16
862,31 14 45 50 22 200 201 5
2667,57 14 45 50 22 22 23 66
241,55 22 23 23 23 23 23 65
2146,151 22 29 115 116 30 23 268 46 52
2666,57 14 45 50 22 22 23 65
240,55 22 23 23 23 23 23 66
791,92 193 194 186 68
313,92 29 115 116 30 23 117
761,146 189 190 191
1485,13 14 15 111 15 233
1116,21 22 23 23 218
128,55 22 29 30 5
646,151 22 22 103 22 23 104 19
2126,87 88 89 86 51 46 47
2298,272 269 180 181 178 96
1243,21 22 23 23 162
1584,97 58 59 15 61 46 52
1883,92 2 115 116 30 59 15 34 37
1652,92 243 245 246 122 124
941,31 14 58 73 74 75
2114,31 81 94 95 201 51 54
2125,87 88 89 86 51 46 52
1402,32 33 14 58 22 22 23 65
745,31 180 181 178 96
2284,125 88 94 115 116 30 51 54
588,156 157 158 159
555,31 14 45 50 22 81 94 95 89 96
2117,43 14 45 60 14 15 16
151,13 14 15 64 23 66
910,49 50 22 29 30 5
2603,154 22 23 104 23 117
152,13 14 15 64 23 65
2283,125 88 94 115 88 94 115 116 30 51 46 52
1276,92 200 94 95 122 124
16,27 22 23 25
257,42 14 58 22 29 30 5
967,170 22 23 104 23 23 164 74 79
1332,92 193 194 186 150
1636,62 22 243 244 5
839,199 180 181 178 96
2608,13 14 45 60 14 58 29 30 5
1832,32 113 22 29 115 116 95 82 19
1328,92 29 115 116 30 23 171
1017,13 81 82 23 59 15 19
175,92 85 88 89 91
2485,13 14 15 64 23 19
93,43 14 45 60 14 15 40
94,43 14 45 60 14 15 41
1560,93 94 95 82 23 164 90
1213,92 200 94 115 116 30 23 78 74 79
2358,31 14 110 14 45 50 29 115 88 89 91
2514,62 22 22 22 23 169
1085,62 73 210 14 15 16
1271,62 22 22 81 94 95 201 23 53
1124,221 22 23 150
702,93 94 95 82 23 23 164 90
736,13 180 181 107 108
1696,31 251 14 15 16
565,31 14 58 22 29 115 116 30 23 53
2401,31 14 45 50 275 88 89 91
1345,232 22 22 29 30 5
237,69 22 22 22 23 65
1880,6 2 115 116 30 59 15 19
1218,62 22 29 115 116 175 176
266,42 14 15 111 112
2403,31 14 45 50 22 81 94 95 89 276 176
1440,125 88 121 94 115 116 95 82 19
2024,39 113 22 23 104 19
2343,31 14 45 50 22 22 22 23 66
528,154 22 23 51 54
2342,31 14 45 50 22 22 22 23 65
1695,31 251 14 15 56
2661,57 14 45 50 22 22 29 30 5
1857,57 14 58 22 29 115 116 30 59 98
1892,92 29 115 88 245 88 142 115 177 178 91
513,67 22 22 23 23 19
1507,21 22 23 164 74 79
115,44 45 46 15 64 68
2489,44 45 46 15 64 66
2277,57 14 58 29 115 116 95 123
861,43 14 45 50 22 200 201 5
1612,97 110 111 15 56
1694,31 251 14 15 40
2432,72 73 163 63 14 15 16
1754,57 14 58 22 22 85 86 5
2372,43 14 45 50 29 30 5
323,92 29 115 116 30 23 114 37
1673,62 247 249 250 40
1270,62 22 22 81 94 95 201 23 117
1605,69 22 23 164 74 79
1614,13 14 15 111 15 56
737,13 180 181 107 40
2357,31 14 17 22 29 115 116 30 51 46 52
1655,87 177 178 246 123
234,62 22 22 22 23 65
522,62 22 22 22 23 66
1611,188 22 23 150
1232,226 160 106 107 161 24
2405,31 81 94 95 89 276 51 54
264,57 14 15 111 112
1484,13 14 15 111 15 19
2128,31 14 45 50 85 88 89 91
1073,27 22 23 144
818,31 14 45 50 22 29 115 116 194 196
1573,80 73 210 14 58 22 200 201 5
1068,31 14 45 50 22 81 208 209 89 86 23 78 90
2271,31 14 58 22 29 115 116 30 23 24
994,42 14 15 64 114 37
1057,72 73 163 22 85 86 5
1667,69 247 248 237
2017,13 103 104 23 51 54
1954,31 14 58 22 81 94 95 201 23 171
1998,69 22 29 115 116 95 123
806,31 193 194 89 96
1481,97 110 111 15 233
810,92 2 115 116 30 23 53
1219,62 22 29 115 116 175 68
1268,93 94 95 82 23 23 128
1953,31 14 58 22 81 94 95 201 23 117
2016,48 45 50 22 23 68
1556,13 81 82 23 164 90
1208,92 29 115 116 95 82 23 68
1301,151 22 29 115 88 94 95 122 124
173,84 14 45 50 22 22 85 88 89 91
225,31 103 22 29 30 5
1859,31 14 58 22 29 115 116 30 59 15 19
27,32 33 34 37
26,32 33 34 36
2359,49 50 22 22 63 64 65
1394,38 113 114 35
25,32 33 34 35
1395,38 113 114 37
2338,188 22 81 94 95 89 96
1393,38 113 114 36
2574,92 85 88 118 119 122 89 96
1882,92 2 115 116 30 59 15 19
683,80 73 77 22 23 164 90
1666,31 14 45 60 14 58 22 29 30 5
1217,55 22 29 115 116 175 176
1643,188 22 22 81 245 246 244 176
2399,87 88 89 276 51 46 52
693,92 85 88 94 115 116 30 23 78 74 79
2118,44 45 46 15 61 54
1263,230 22 200 201 5
1701,31 133 136 22 29 115 116 30 23 254
2388,13 14 45 50 29 115 116 30 51 54
2413,92 275 88 94 115 116 95 82 19
1887,62 22 22 29 115 116 30 23 53
1267,93 94 95 82 23 23 68
356,92 2 115 116 30 23 117
2334,69 22 22 29 115 116 30 59 9 26
1461,43 14 58 22 85 86 5
2,1 2 3 5
144,67 22 23 51 46 52
1047,72 73 74 164 74 79
1735,48 45 50 22 29 115 88 94 95 122 124
571,92 29 115 116 95 82 23 155
1,1 2 3 4
145,67 22 23 51 46 47
1360,13 14 58 22 23 222
564,31 14 58 22 29 115 116 30 23 117
1907,67 63 133 134 16
2086,13 180 181 178 265 266
820,92 29 115 116 194 196
668,67 22 22 85 86 5
2548,48 45 267 22 23 51 54
865,57 14 45 50 185 193 194 5
2483,67 63 64 23 152
2537,31 14 45 60 14 15 61 54
905,1 2 3 40
1884,32 33 14 58 29 115 116 30 23 117
1943,62 22 23 51 54
759,62 185 186 68
2680,28 281 282 271
2449,72 73 163 22 81 82 16
889,87 88 89 116 194 19
2251,87 88 89 265 266
2340,43 14 45 50 22 22 22 23 65
417,13 133 134 16
2335,69 22 22 29 115 116 30 59 9 10
2553,151 22 81 94 95 89 86 59 9 26
2308,13 14 58 22 23 187
1342,232 22 23 150
2025,32 113 22 23 104 19
2341,43 14 45 50 22 22 22 23 66
2435,44 45 46 15 64 19
1886,62 22 22 29 115 116 30 23 117
1048,72 73 74 164 74 66
1265,120 121 122 201 23 53
11,20 8 17 18 15 19
293,21 22 29 30 5
701,80 73 163 22 29 115 88 89 91
2473,87 88 89 116 30 51 46 52
12,20 8 17 18 15 16
1058,69 73 163 22 85 86 5
1782,13 103 104 23 255
859,80 73 77 22 23 51 46 52
2192,57 14 45 50 22 81 94 95 89 96
466,92 29 115 116 30 23 137 140
2474,87 88 89 116 30 51 46 47
758,62 185 186 187
1527,13 14 15 64 23 114 36
2467,31 14 45 50 29 115 116 30 23 78 74 79
1526,13 14 15 64 23 114 37
2346,57 14 58 22 23 128
1173,151 22 103 63 64 104 19
1951,120 121 122 201 23 66
2083,39 261 264 177 178 91
416,13 133 134 56
418,57 133 134 16
942,76 163 164 74 59 98
1175,31 103 63 64 104 19
2569,151 22 81 118 119 89 86 23 117
2111,13 81 94 95 201 51 54
1861,93 245 246 82 23 68
1986,92 85 88 121 245 88 89 91
1444,120 121 122 89 116 30 23 117
814,32 113 22 29 115 116 30 23 117
410,130 22 63 64 66
409,130 22 63 64 65
1274,69 22 200 94 95 122 124
830,87 177 178 116 3 4
1240,156 22 23 104 19
831,87 177 178 116 3 5
541,13 14 45 60 14 15 16
1284,62 185 186 150
2593,97 58 59 15 64 51 46 52
2153,31 81 94 95 89 86 51 54
1385,223 22 81 94 95 89 96
1362,57 14 58 22 23 150
2097,43 14 15 111 15 19
1264,120 121 122 201 23 117
212,13 103 104 23 59 98
1091,80 73 210 14 58 29 30 5
1684,13 251 252 250 248 68
2036,32 113 22 22 23 164 90
1682,13 251 252 250 248 66
113,71 14 15 41
112,71 14 15 40
551,31 14 58 85 88 89 91
786,55 183 193 194 5
1300,151 22 81 94 95 89 116 30 23 117
1976,93 245 246 82 23 128
547,87 88 89 86 59 9 26
964,151 22 22 22 23 104 19
2309,57 14 58 22 23 187
92,13 14 45 60 14 15 40
2643,71 14 15 56
1184,31 103 63 64 68
2459,80 73 163 22 29 115 116 95 82 19
243,62 22 22 22 29 30 5
1106,31 22 23 24
2171,57 14 15 211 74 79
114,71 14 15 16
1445,120 121 122 89 116 30 23 53
1319,102 22 22 29 30 5
1624,170 22 23 23 59 98
1644,151 22 22 81 245 246 244 176
1325,92 200 121 94 115 116 30 23 23 104 19
2063,257 258 88 94 115 116 30 23 117
1361,57 14 58 22 23 222
2142,92 29 115 116 30 23 268 54
722,125 88 94 115 116 175 176
2001,125 88 245 88 94 115 116 175 176
1451,62 22 22 200 94 95 122 124
936,72 73 74 59 98
1255,13 81 82 23 23 128
2567,278 22 81 118 119 89 96
1307,13 103 104 23 128
1060,87 88 89 86 23 78 74 164 90
1108,31 22 23 59 15 19
1919,31 14 45 50 22 29 115 88 89 91
828,125 88 193 115 116 175 5
2476,125 88 94 115 88 94 115 88 89 91
1603,80 73 163 22 22 22 29 30 5
732,179 180 181 107 108
2598,13 103 104 23 117
1024,39 113 22 29 115 116 30 59 98
1297,57 14 58 22 22 200 201 5
2470,48 45 50 22 29 115 116 95 123
1211,151 22 200 94 115 116 30 23 78 74 79
1683,13 251 252 250 248 237
2370,67 63 14 45 50 29 30 5
868,31 14 45 50 185 193 194 190 144
634,13 103 104 23 167
1169,13 103 104 23 162
1674,62 247 249 250 248 66
1565,80 73 163 22 85 88 94 95 122 124
1966,92 29 115 116 30 23 23 23 114 37
620,166 22 23 23 164 74 66
1067,31 14 45 50 22 81 208 209 89 96
2229,48 45 267 22 85 86 5
1126,13 103 104 23 150
1725,69 73 163 22 29 115 116 30 23 117
1064,207 208 209 82 23 117
754,31 14 110 14 45 50 22 29 30 5
2421,13 63 64 16
2457,62 73 163 22 29 115 116 95 123
512,31 22 23 68
2452,44 45 267 22 23 164 90
1971,32 113 22 23 51 46 52
1032,31 14 58 29 115 88 89 91
1423,62 22 22 23 114 37
619,166 22 23 23 164 74 79
1424,62 22 22 23 114 36
1804,21 22 23 23 23 23 65
1102,42 214 22 23 16
1482,97 110 111 15 40
1397,39 113 22 23 59 98
685,55 22 23 164 90
1103,42 214 22 23 24
2250,32 113 185 264 265 5
1592,67 22 22 23 164 90
2188,31 81 94 95 201 23 78 90
913,44 45 50 22 63 64 65
914,44 45 50 22 63 64 66
1869,87 88 89 246 123
1351,39 113 22 23 68
1092,32 33 14 58 22 29 115 116 30 23 117
1480,97 110 111 15 19
1350,39 113 22 23 65
1613,97 110 111 15 16
1627,13 81 82 23 23 187
1192,97 58 59 15 64 104 19
2228,125 88 142 115 116 30 23 268 46 47
723,125 88 94 115 116 175 68
1236,13 103 104 23 227
2227,125 88 142 115 116 30 23 268 46 52
2502,44 45 46 15 64 23 23 68
87,42 14 15 61 54
1166,13 103 104 23 222
154,31 14 45 50 22 63 14 15 40
2002,125 88 245 88 94 115 116 175 68
2391,173 275 276 51 54
1317,21 22 23 23 104 23 68
2534,168 22 22 81 94 95 89 96
1125,13 103 104 23 220
1891,87 177 178 116 3 40
2294,13 180 181 270 271
396,20 8 17 18 15 41
430,13 133 136 22 29 30 5
583,20 8 17 18 15 40
869,31 14 45 50 185 193 194 190 191
2288,31 14 45 50 29 115 177 178 91
1065,207 208 209 82 23 53
703,93 94 95 82 23 23 164 74 79
778,62 22 29 115 88 89 91
1139,39 113 22 23 101
2122,31 14 45 60 14 45 50 85 86 5
1628,13 81 82 23 23 150
1740,57 14 58 22 23 114 37
249,21 22 23 23 23 23 66
1803,21 22 23 23 23 23 68
2446,168 22 23 164 90
1020,31 14 58 22 81 82 16
2587,13 14 15 64 51 46 52
1269,154 22 22 81 94 95 201 23 117
2624,57 14 15 64 65
2325,71 14 15 111 9 26
2623,57 14 15 64 66
1717,13 81 82 59 98
2588,13 14 15 64 51 46 47
2141,69 22 29 115 116 30 23 268 46 52
402,130 22 22 23 66
401,130 22 22 23 65
568,31 14 45 50 29 115 116 95 82 19
1387,92 29 115 88 94 95 122 89 96
419,135 136 137 138
2431,13 14 15 64 16
960,80 73 163 22 22 22 23 169
1278,92 200 94 95 122 201 23 53
1633,173 243 244 23 114 36
2079,39 261 264 265 5
2168,48 45 50 22 22 22 22 29 30 5
1316,21 22 23 23 104 19
1432,44 45 50 22 29 115 116 30 23 117
1632,173 243 244 23 114 37
1975,57 14 45 50 22 22 85 88 89 91
578,13 14 15 64 23 23 23 23 23 131
1272,31 81 94 95 201 23 66
2326,71 14 15 111 9 10
398,130 22 23 65
287,31 14 45 50 29 30 5
1421,32 113 22 22 23 65
724,125 88 94 115 116 175 5
2512,170 22 23 23 167
1578,32 113 22 81 94 95 201 23 53
265,57 14 15 111 15 19
403,130 22 22 22 23 65
1616,31 14 110 14 58 22 23 187
1161,31 81 94 95 201 23 117
928,62 22 22 23 169
2532,93 94 95 82 23 23 23 23 23 23 155
1669,238 247 248 68
599,130 22 23 66
1753,13 14 58 22 22 85 86 5
2046,87 88 89 259 5
735,20 180 181 107 40
537,13 14 15 61 54
1252,170 22 23 23 155
1331,69 22 22 29 115 88 89 91
184,31 81 94 95 89 86 23 78 74 79
1051,80 73 163 73 74 75
1474,57 14 45 50 22 200 201 5
2420,13 63 64 152
993,42 14 15 64 65
560,69 22 29 115 116 30 59 9 26
992,42 14 15 64 68
1256,13 81 82 23 23 66
1254,13 81 82 23 23 68
2625,42 14 15 64 66
530,154 22 23 51 46 47
349,125 88 94 95 122 119 82 19
529,154 22 23 51 46 52
1847,32 33 14 58 29 30 5
4,7 8 9 10
561,69 22 29 115 116 30 59 9 10
2256,92 264 88 89 91
5,7 8 9 11
2641,280 14 15 16
2559,43 14 58 22 23 150
2602,154 22 23 104 19
1945,129 22 23 51 54
2081,87 177 178 265 262 37
2082,87 177 178 265 262 36
673,93 94 95 82 23 104 19
1577,32 113 22 81 94 95 201 23 117
741,156 157 160 106 180 181 178 96
930,204 22 22 23 169
1162,31 81 94 95 201 23 53
2157,13 22 23 51 54
1463,87 88 89 86 23 59 98
1774,151 22 85 86 5
2187,62 81 94 95 201 23 78 74 79
2236,28 269 270 271
1866,31 81 245 246 89 96
982,67 63 64 114 37
734,20 180 181 107 108
1030,87 88 89 116 30 23 114 37
983,67 63 64 114 36
2509,154 22 22 23 23 68
2672,280 14 15 41
2671,280 14 15 40
215,31 14 58 22 22 103 104 16
850,168 22 81 82 16
2633,62 81 94 95 89 86 23 117
1661,199 180 181 178 246 123
2245,67 185 186 114 37
800,92 193 194 16
2246,67 185 186 114 36
189,42 14 15 56
1205,39 113 22 22 29 115 116 95 123
1257,170 22 81 82 16
858,80 73 77 22 23 51 54
429,55 22 23 137 134 19
2028,67 22 23 104 23 104 19
110,42 14 15 70
1467,13 14 58 22 85 88 89 91
708,31 81 94 95 89 116 95 82 19
44,42 14 15 16
959,129 22 22 103 104 16
1768,151 63 14 15 16
549,87 88 89 86 59 9 11
548,87 88 89 86 59 9 10
1512,62 235 236 68
2479,31 193 194 89 116 30 51 46 52
1853,57 14 15 61 54
2460,62 73 163 22 81 94 95 89 96
1266,120 121 122 201 23 229
893,93 94 95 82 23 51 46 52
2649,87 88 89 116 30 23 59 9 26
946,31 14 58 73 163 22 23 150
1462,31 14 58 22 85 86 5
2417,31 14 45 50 275 88 94 115 116 30 51 54
2075,39 261 262 37
2636,62 22 22 85 88 94 115 116 30 51 54
39,42 14 15 41
2087,31 180 181 178 265 266
40,42 14 15 40
1090,62 73 210 14 58 29 30 5
1749,21 22 23 23 23 59 15 19
2124,87 88 89 86 51 54
2387,31 14 110 14 45 50 29 115 116 30 51 54
1163,31 81 94 95 201 23 150
2402,92 275 88 89 91
1989,31 81 245 246 89 246 123
102,13 14 15 64 68
455,21 142 143 89 96
1820,151 22 73 163 22 22 29 115 88 89 91
631,168 22 23 23 162
2533,93 94 95 82 23 23 23 23 23 23 68
1675,62 247 249 250 248 237
579,13 14 15 64 23 23 23 23 23 65
945,31 14 58 73 163 22 23 128
2491,31 22 63 14 45 50 85 86 5
202,31 14 58 22 23 23 65
1739,57 14 58 22 23 65
2419,92 275 88 94 115 116 30 51 46 52
201,31 14 58 22 23 23 66
508,13 22 23 16
2453,48 45 267 22 23 164 90
2558,43 14 58 22 23 277
567,31 14 45 50 29 115 116 95 123
632,168 22 23 23 150
103,13 14 15 64 65
104,13 14 15 64 66
1617,31 14 110 14 58 22 23 150
851,151 22 81 82 16
509,13 22 23 68
640,13 103 104 23 164 74 79
136,42 14 15 83
399,130 22 23 131
544,13 14 45 60 14 58 85 86 5
384,127 22 23 59 15 41
641,13 103 104 23 164 74 66
815,32 113 22 29 115 116 30 23 53
891,57 14 58 22 29 115 88 89 91
1908,62 63 133 134 16
2220,13 14 58 22 29 115 116 143 149
2429,13 14 15 64 19
198,57 14 58 22 23 99
2253,87 88 89 265 186 23 114 36
1969,39 113 22 23 51 54
2614,80 73 210 14 45 50 29 30 5
2637,92 85 88 94 115 116 30 51 54
2252,87 88 89 265 186 23 114 37
1955,31 81 94 95 201 23 171
2350,44 45 46 15 111 98
2595,154 22 23 59 15 64 51 54
168,84 14 45 50 22 22 85 86 5
383,127 22 23 59 15 19
1045,57 14 45 50 22 81 82 16
598,42 106 107 161 158 162
2143,92 29 115 116 30 23 268 46 52
956,13 103 104 23 23 164 74 79
1511,62 235 236 237
2194,109 110 14 15 40
2144,92 29 115 116 30 23 268 46 47
1979,48 45 50 22 81 245 246 89 116 30 23 117
1149,55 22 23 23 104 19
2138,48 45 267 22 23 150
782,13 193 194 184 117
1531,48 45 46 15 64 23 114 37
1593,69 22 22 23 164 90
2304,274 160 106 107 40
1532,48 45 46 15 64 23 114 36
1459,13 103 104 23 23 164 74 68
1893,125 88 245 88 142 115 177 178 91
2521,13 81 82 23 23 23 23 23 23 68
519,153 22 22 22 23 65
726,87 177 178 116 30 23 53
1066,57 14 45 50 22 81 208 209 89 96
442,141 142 143 19
1579,31 81 94 95 201 23 59 98
676,31 103 22 81 94 95 89 96
1216,92 29 115 116 30 23 23 68
1601,80 73 163 22 22 23 65
1574,31 14 58 22 200 201 5
1602,80 73 163 22 22 23 66
1516,239 240 241 236 237
1376,87 88 89 86 23 53
465,69 63 14 58 29 115 116 30 23 117
1649,67 22 243 245 246 122 124
2685,13 14 45 50 63 14 15 16
1641,93 245 246 82 23 23 68
2070,92 200 94 115 116 30 23 117
1653,92 243 245 246 122 244 176
784,13 193 194 184 150
463,92 29 115 116 30 59 148
1734,31 14 58 81 94 95 89 116 30 23 117
706,69 22 22 81 94 95 89 116 95 123
2223,32 113 22 85 88 142 115 116 30 23 268 54
1698,97 58 59 15 252 19
2523,168 22 22 81 82 16
1870,87 88 89 246 82 19
2642,280 14 58 22 29 30 5
2333,102 22 22 29 115 116 30 59 9 26
289,48 45 50 22 29 30 5
783,13 193 194 184 53
2551,31 14 110 14 58 85 86 5
661,69 73 77 22 23 171
475,92 29 115 88 142 115 88 89 91
1071,31 81 208 209 89 86 23 78 74 79
17,27 22 23 18 9 26
739,27 160 106 180 181 16
852,62 185 186 51 54
725,87 177 178 116 30 23 117
1042,32 33 14 45 50 22 29 30 5
1449,31 81 94 95 201 23 23 114 37
1650,62 22 243 245 246 122 124
507,13 22 23 152
1493,55 22 23 59 15 111 98
2071,92 200 94 115 116 30 23 171
18,27 22 23 18 9 10
867,31 14 45 50 185 193 194 5
1111,27 22 23 59 15 34 37
2505,153 22 22 22 29 30 5
1001,44 45 60 14 15 16
1210,151 22 200 94 115 116 30 23 78 90
2469,44 45 50 22 29 115 116 95 123
1304,125 88 94 95 122 201 23 53
2394,48 45 50 275 276 5
1460,13 14 58 22 85 86 5
1035,31 14 58 22 81 94 95 89 96
2674,48 45 267 22 23 131
2318,7 8 110 111 15 19
1927,42 14 15 233
1900,69 22 63 64 65
1775,87 88 89 86 23 150
679,151 73 74 75
1878,42 2 115 116 30 59 148
2477,195 189 193 194 89 116 30 51 54
1004,109 58 59 15 61 46 52
2530,31 14 110 14 45 50 85 86 5
1956,172 22 200 94 95 122 124
2644,43 14 58 22 29 115 116 30 59 98
558,31 81 94 95 89 86 59 9 10
870,146 189 193 194 201 23 78 90
2151,120 121 122 89 116 30 23 268 46 52
2686,57 14 45 50 63 14 15 16
595,105 106 107 161 24
626,69 22 22 81 82 16
1999,69 22 29 115 116 95 82 19
443,141 142 143 144
444,141 142 143 145
630,62 22 23 23 150
559,55 22 29 115 116 30 59 9 26
1191,62 63 14 15 16
285,13 14 45 50 29 30 5
557,31 81 94 95 89 86 59 9 26
1901,69 22 63 64 68
45,44 45 46 47
1374,62 22 85 86 5
2655,67 22 22 23 51 54
2134,48 45 267 22 23 53
1513,238 235 236 68
2639,42 14 15 279
1005,21 22 23 59 112
1642,93 245 246 82 23 23 187
1756,87 88 89 86 23 171
2007,80 73 163 22 22 23 114 37
2008,80 73 163 22 22 23 114 36
1198,102 63 14 58 22 29 30 5
2424,153 63 64 164 90
1303,125 88 94 95 122 201 23 117
2390,48 45 267 22 23 68
2135,48 45 267 22 23 66
1407,67 22 23 114 37
1408,67 22 23 114 36
1425,67 22 23 114 35
1872,31 14 58 29 115 88 245 88 89 91
612,80 73 163 22 22 23 165
1145,69 73 77 22 23 53
912,49 50 22 63 64 65
2216,31 142 143 89 86 23 78 74 79
663,80 73 77 22 23 171
1027,92 29 115 116 30 59 98
939,13 14 58 73 74 75
1258,154 22 22 81 82 16
79,13 14 15 41
2317,62 63 14 15 83
85,49 60 61 46 15 19
594,105 106 107 161 90
1253,170 22 23 23 68
86,13 14 15 40
1783,256 22 103 104 16
2513,170 22 23 23 66
1443,125 88 121 94 115 88 89 91
1377,87 88 89 86 23 68
7,13 14 15 16
1200,69 73 77 22 23 68
2555,87 88 89 86 23 66
947,80 73 163 22 22 23 126
1412,55 22 23 23 23 114 36
56,21 22 23 51 46 52
1413,55 22 23 23 23 114 35
909,42 2 3 5
275,21 22 23 59 98
908,42 2 3 4
1411,55 22 23 23 23 114 37
1061,69 73 163 22 85 88 89 91
1874,125 88 245 88 89 91
1375,87 88 89 86 23 117
629,62 22 23 23 162
372,31 14 110 14 58 29 115 116 30 23 117
259,13 14 15 70
2591,62 63 14 15 56
515,69 22 22 23 23 152
2522,13 81 82 23 23 23 23 23 169
1250,69 22 22 23 23 155
2526,67 63 14 15 111 9 26
434,31 14 58 22 29 115 116 30 51 54
2010,172 22 23 23 23 114 36
2009,172 22 23 23 23 114 37
310,57 14 45 50 29 115 116 30 23 117
1195,80 73 77 22 23 59 98
57,55 22 23 51 54
2255,32 113 185 264 88 89 91
105,62 63 14 15 40
2439,80 73 163 63 14 45 50 29 30 5
63,13 14 15 56
1130,221 22 103 22 23 99
807,31 193 194 89 116 30 23 117
70,20 8 58 59 15 16
667,69 22 22 85 86 5
134,57 14 15 40
1974,87 88 89 86 23 23 114 37
1824,31 81 94 95 89 86 23 171
68,20 8 58 59 15 19
2286,125 88 94 115 116 30 51 46 47
2285,125 88 94 115 116 30 51 46 52
332,13 81 118 119 89 96
627,156 22 23 150
142,69 22 23 51 46 52
2265,1 2 115 116 30 23 59 9 26
133,13 14 15 83
1157,151 22 200 201 5
183,31 81 94 95 89 86 23 78 90
350,57 14 15 56
762,57 14 15 41
382,127 22 23 59 98
1273,55 22 200 94 95 122 124
1759,31 14 58 22 22 85 88 89 91
691,62 22 22 85 88 94 115 116 30 23 78 90
1533,39 113 63 14 45 50 29 30 5
2337,31 14 110 14 58 29 115 88 89 91
657,69 22 103 22 81 82 16
2170,57 14 15 211 90
467,57 133 136 22 29 115 116 143 149
255,20 8 58 59 15 41
1251,69 22 22 23 23 68
1535,69 22 103 22 23 99
1622,151 22 22 23 23 59 98
2073,32 261 262 36
2074,32 261 262 37
2064,92 258 88 94 115 116 30 23 117
69,20 8 58 59 15 56
1442,92 85 88 121 94 115 88 89 91
1936,48 45 50 22 200 94 115 116 175 68
274,31 14 58 29 30 5
2169,42 14 15 211 90
256,20 8 58 59 15 40
447,13 142 143 117
64,57 14 15 16
1346,42 2 3 40
169,31 14 45 50 22 22 85 86 5
395,12 8 17 18 15 41
808,31 193 194 89 116 30 23 53
633,13 103 104 23 68
339,120 121 122 119 82 19
2545,48 45 60 14 45 50 22 22 29 30 5
1416,32 113 22 22 85 86 5
15,21 22 23 18 9 26
446,13 142 143 145
1355,55 22 23 23 114 37
1356,55 22 23 23 114 36
445,13 142 143 144
827,125 88 193 115 116 175 68
2599,13 103 104 23 53
1105,213 214 22 23 59 98
9,12 8 17 18 15 19
1935,48 45 50 22 200 94 115 116 175 176
371,31 14 58 29 115 116 30 59 9 10
699,87 88 89 116 95 82 23 104 19
1598,72 73 163 22 22 23 65
2638,92 85 88 94 115 116 30 51 46 52
543,20 8 58 59 15 70
1877,31 142 143 89 246 82 19
768,80 73 77 22 23 68
838,199 180 181 16
327,32 113 22 29 115 88 89 91
1896,57 14 15 70
2026,32 113 22 23 104 23 104 19
2612,62 22 22 22 22 29 30 5
2065,92 258 88 94 115 116 30 23 53
514,69 22 22 23 23 19
370,31 14 58 29 115 116 30 59 9 26
124,80 73 77 22 23 53
135,57 14 15 83
1555,80 73 163 22 23 114 36
2586,13 14 15 64 51 54
1554,80 73 163 22 23 114 37
1491,97 58 59 15 111 98
1846,39 33 14 58 29 30 5
1475,31 81 94 95 201 23 51 54
125,80 73 77 22 23 66
340,120 121 122 119 82 68
616,69 22 22 23 23 164 90
2231,87 88 89 86 23 268 46 52
900,31 14 110 14 45 50 22 29 115 116 95 123
1862,93 245 246 82 23 167
120,76 77 78 74 75
1875,21 142 143 89 246 123
1777,67 22 22 23 59 98
1476,13 14 15 233
1858,31 14 58 22 29 115 116 30 59 98
872,195 189 193 194 201 23 78 74 79
1631,151 22 22 81 82 16
1865,69 22 81 245 246 89 116 30 23 117
659,76 77 78 74 66
556,31 14 45 50 22 81 94 95 89 86 59 9 26
1699,55 22 23 59 15 252 253
2232,87 88 89 86 23 268 46 47
765,76 77 78 74 68
795,188 185 193 194 190 144
2204,32 113 22 85 88 89 91
1711,87 177 178 116 30 23 59 98
277,55 22 23 59 98
887,92 200 193 115 116 30 23 59 98
119,76 77 78 74 79
60,42 14 45 50 22 29 30 5
1551,38 113 22 103 22 29 30 5
1378,55 22 85 88 89 91
987,44 45 60 14 15 40
1844,132 58 59 15 34 37
1845,132 58 59 15 34 36
1855,44 45 60 14 15 41
535,13 14 45 50 22 81 82 16
1329,87 88 89 116 95 82 23 68
2040,172 22 23 23 23 23 23 114 37
2248,263 264 265 186 23 114 36
206,42 14 58 22 22 23 101
2041,172 22 23 23 23 23 23 114 36
2247,263 264 265 186 23 114 37
10,12 8 17 18 15 16
2042,172 22 23 23 23 23 23 114 35
2055,32 113 22 200 201 5
2410,62 22 29 115 116 95 82 19
817,57 14 45 50 22 29 115 116 194 196
2609,31 14 45 60 14 58 29 30 5
1006,55 22 23 59 112
569,92 29 115 116 95 123
269,13 14 110 14 15 16
2195,13 14 110 14 15 41
1088,212 58 59 15 211 90
2098,13 14 110 14 15 40
1247,31 103 22 22 29 30 5
1429,32 113 22 22 85 88 94 95 122 124
1985,125 88 245 246 122 89 86 23 117
2266,6 2 115 116 30 23 59 9 26
1354,21 22 23 23 114 36
1353,21 22 23 23 114 37
826,125 88 193 115 116 175 176
1296,13 14 58 22 22 200 201 5
204,100 22 23 23 65
203,100 22 23 23 66
1074,28 22 23 144
680,76 77 78 74 150
2254,39 113 185 264 88 89 91
2267,6 2 115 116 30 23 59 9 10
2475,92 85 88 94 115 88 94 115 88 89 91
170,87 88 89 86 23 78 90
150,31 14 45 50 22 63 64 66
954,127 22 23 23 164 74 59 98
2670,13 14 15 279
665,172 22 23 23 65
664,172 22 23 23 66
2027,67 22 23 104 19
1018,13 14 58 22 81 82 16
36,39 33 14 15 41
1647,31 81 245 246 244 23 114 37
35,39 33 14 15 40
90,42 14 15 61 46 52
1549,55 22 23 104 23 104 19
1648,31 81 245 246 244 23 114 36
91,42 14 15 61 46 47
149,31 14 45 50 22 63 64 65
1515,239 240 241 236 68
979,32 33 14 58 22 29 30 5
618,166 22 23 23 164 90
2280,92 29 115 116 95 82 59 98
666,172 22 23 23 68
777,55 22 29 115 88 89 91
876,39 33 14 15 56
2293,13 180 181 270 25
802,146 189 193 194 89 96
194,67 22 23 59 98
245,69 22 22 29 30 5
728,62 174 115 177 178 91
2180,42 14 58 22 200 201 5
1914,62 63 133 136 22 29 115 116 30 23 117
492,31 81 118 119 89 116 30 23 24
2004,32 113 22 23 164 90
1771,55 22 23 59 15 64 68
575,125 88 94 115 88 89 91
483,39 113 22 81 82 16
789,151 183 193 194 186 68
843,13 14 45 50 22 23 167
2131,49 267 22 23 53
1741,31 14 58 22 23 65
1098,217 22 23 215 40
1286,151 22 29 115 116 30 23 117
1076,28 22 29 30 5
1464,43 14 58 22 85 88 89 91
1962,69 22 200 121 94 115 116 30 23 117
1238,62 22 23 104 19
1635,67 22 243 244 5
330,93 118 119 82 68
2319,12 8 110 111 15 19
1607,39 113 73 163 22 22 23 65
1770,97 58 59 15 64 227
1599,69 73 163 22 22 23 65
1600,69 73 163 22 22 23 66
2154,31 81 94 95 89 86 51 46 52
2330,42 14 110 14 15 16
337,31 81 118 119 89 116 30 23 53
1046,72 73 74 164 90
2352,48 45 46 15 111 15 19
1843,31 180 181 178 116 95 82 19
1486,42 14 110 14 15 40
427,55 22 23 137 140
962,129 22 22 22 23 104 19
1392,39 113 114 36
2376,12 8 110 111 15 41
1391,39 113 114 35
428,55 22 23 137 138
297,39 113 114 37
299,21 22 23 114 36
2622,67 63 64 51 46 47
591,76 160 161 158 159
742,182 157 160 106 180 181 16
1406,31 14 58 22 22 23 114 36
2621,67 63 64 51 46 52
642,80 73 163 22 103 104 16
2052,48 45 50 22 81 94 95 89 259 260
2454,48 45 267 22 23 164 74 79
298,21 22 23 114 37
217,69 22 103 104 16
573,31 14 58 85 88 94 115 88 89 91
2508,154 22 22 23 169
1948,49 50 22 81 82 16
1651,62 22 243 245 246 122 244 176
2347,31 14 58 22 23 128
1287,151 22 29 115 116 30 23 53
1384,93 94 95 82 23 59 15 19
590,76 160 161 158 162
379,31 14 58 22 23 126
1025,32 113 22 29 115 116 30 59 98
644,156 22 22 103 22 23 169
1093,213 214 215 40
1895,105 106 180 181 178 116 3 197
684,80 73 77 22 23 164 74 79
284,69 22 22 22 29 30 5
1525,62 22 63 64 114 36
1524,62 22 63 64 114 37
1156,55 22 200 201 5
23,13 14 17 22 29 30 5
812,13 14 58 22 29 115 116 30 23 117
2684,272 281 106 107 108
336,31 81 118 119 89 116 30 23 117
200,31 14 58 22 23 99
1120,62 22 22 29 30 5
2529,84 14 110 14 45 50 85 86 5
570,92 29 115 116 95 82 19
1405,31 14 58 22 22 23 114 37
2043,195 189 190 144
834,20 180 181 16
733,20 180 181 19
485,31 14 17 22 29 115 116 143 149
345,92 29 115 88 94 95 122 124
1676,42 249 250 248 66
727,173 174 115 177 178 91
482,32 113 22 81 82 16
1430,92 85 88 94 95 122 124
1678,42 249 250 248 68
952,127 22 23 23 164 90
654,13 81 82 23 104 23 68
842,31 180 181 178 116 3 4
326,39 113 22 29 115 88 89 91
2261,32 113 185 264 88 94 115 88 89 91
1180,156 22 103 63 64 101
837,13 180 181 178 96
996,39 113 63 14 15 40
2492,62 22 63 14 45 50 85 86 5
2617,62 63 14 45 50 29 115 177 178 91
649,31 103 22 23 104 23 164 90
2605,13 81 82 23 104 23 117
1100,13 22 23 215 40
2242,31 14 45 50 22 185 186 65
2276,31 14 17 22 29 115 116 30 59 9 10
969,13 81 82 23 23 23 128
2200,39 113 22 85 86 5
1176,31 103 63 64 104 23 68
1094,213 214 215 216
1237,228 22 103 104 16
729,92 174 115 177 178 91
1452,62 22 22 200 94 95 122 89 96
1473,13 14 45 50 22 200 201 5
2275,31 14 17 22 29 115 116 30 59 9 26
1190,102 63 14 15 16
643,129 22 103 104 16
774,92 29 115 116 30 23 78 74 79
2423,153 63 64 16
1446,13 81 94 95 201 23 117
2468,92 29 115 116 30 23 78 74 75
258,43 14 58 22 29 30 5
1776,151 22 85 88 89 91
2035,39 113 22 22 23 164 90
711,62 174 175 5
1548,21 22 23 104 23 104 19
1340,172 22 29 30 5
2647,31 14 58 29 115 116 175 176
14,21 22 23 25
13,21 22 23 24
911,44 45 50 22 29 30 5
1963,69 22 200 121 94 115 116 30 23 171
775,92 29 115 116 30 23 78 74 68
755,21 183 184 53
1204,92 29 115 116 30 23 78 74 66
1658,67 22 243 121 245 177 178 91
1728,92 29 115 116 30 23 164 90
968,13 81 82 23 23 23 68
1295,55 22 23 23 59 98
1215,62 63 14 58 22 29 115 116 30 23 78 90
2059,31 81 94 95 201 23 114 37
1529,39 113 63 14 15 16
54,21 22 23 53
291,21 22 23 68
1713,42 106 180 181 16
506,21 22 23 66
854,188 185 186 51 54
1015,154 22 23 59 15 56
860,42 14 45 50 22 200 201 5
1193,97 58 59 15 64 104 23 68
2090,109 58 22 29 30 5
617,69 22 22 23 23 164 74 79
1336,195 189 193 194 89 116 95 123
2634,43 14 58 22 29 115 116 95 123
461,31 14 17 22 29 115 116 30 59 148
2202,32 113 22 85 86 5
486,31 14 17 22 29 115 116 143 19
2416,125 88 94 115 116 95 82 23 155
853,62 185 186 51 46 52
1827,92 29 115 88 121 94 115 116 30 23 53
2584,31 14 45 50 63 64 65
2585,31 14 45 50 63 64 68
1077,146 22 29 30 5
767,62 73 77 22 23 68
970,13 81 82 23 23 23 203
2646,57 14 58 29 115 116 175 176
1993,31 14 58 22 81 94 95 89 246 123
1664,27 22 23 59 15 41
875,31 193 194 201 23 78 74 75
1932,48 45 50 22 200 201 5
422,139 136 137 134 19
362,92 29 115 116 30 23 59 9 26
874,31 193 194 201 23 78 74 79
1543,13 103 104 23 104 19
1437,92 85 88 121 94 115 116 95 123
2560,31 14 58 22 23 277
143,67 22 23 51 54
1978,48 45 50 22 81 245 246 89 96
995,32 113 63 14 15 40
1072,21 22 23 144
1732,57 14 58 81 94 95 89 96
1357,32 113 22 22 200 201 5
424,139 136 137 134 16
1528,32 113 63 14 15 16
756,21 183 184 150
49,48 45 46 15 34 37
1186,13 14 15 64 104 19
2290,179 180 181 270 25
50,48 45 46 15 34 35
1110,27 22 23 59 15 19
248,48 45 46 15 34 36
1583,97 58 59 15 61 54
1984,125 88 245 246 122 89 96
1021,21 22 23 171
346,92 29 115 88 94 95 122 119 123
2088,31 180 181 178 265 262 37
423,139 136 137 134 56
1536,69 22 103 22 23 114 37
1769,97 58 59 15 64 68
833,20 180 181 198
1691,238 247 249 251 14 15 40
1471,31 103 22 81 94 95 89 86 23 117
363,43 14 58 22 29 115 116 30 59 9 26
380,31 14 58 22 23 59 98
1826,92 29 115 88 121 94 115 116 30 23 117
503,21 22 23 150
1550,55 22 23 104 23 104 23 164 90
306,69 22 22 29 115 116 30 51 46 52
1792,31 103 22 73 74 75
462,31 14 17 22 29 115 116 30 59 15 19
318,31 14 45 50 22 29 115 116 30 23 53
435,31 14 58 22 29 115 116 30 51 46 52
1441,125 88 121 94 115 116 95 82 23 59 98
766,62 73 77 22 23 53
159,48 45 46 15 64 23 66
943,76 163 164 74 59 15 19
1785,151 22 103 22 23 227
160,48 45 46 15 64 23 65
2648,31 14 58 29 115 116 175 5
2047,87 88 89 91
655,13 81 82 23 104 23 167
76,13 14 58 22 29 30 5
1657,87 177 178 246 82 23 23 68
1912,67 63 133 136 22 29 30 5
1679,239 251 252 19
526,55 22 23 23 23 23 23 23 23 23 66
527,55 22 23 23 23 23 23 23 23 23 65
975,42 14 15 34 37
976,42 14 15 34 36
1261,21 22 23 229
1997,55 22 29 115 116 95 123
2310,188 22 81 82 16
907,6 2 3 4
3,6 2 3 5
199,57 14 58 22 23 23 66
2292,20 180 181 270 271
2215,31 142 143 89 86 23 78 90
576,13 14 58 29 30 5
295,32 113 114 36
296,32 113 114 37
328,92 29 115 88 89 91
822,92 29 115 116 194 184 117
497,69 22 81 94 95 89 96
790,151 183 193 194 186 187
1618,31 14 58 22 23 187
1390,32 113 114 35
414,67 63 14 58 29 30 5
1026,32 113 22 29 115 116 30 59 15 19
484,43 14 17 22 29 115 116 143 149
2407,31 14 45 50 29 115 116 30 23 268 54
454,21 142 143 16
1630,188 22 22 81 82 16
935,170 22 23 23 164 74 150
75,55 22 23 59 9 11
925,151 73 163 22 23 150
317,31 14 45 50 22 29 115 116 30 23 117
932,204 22 22 23 23 164 74 79
74,55 22 23 59 9 10
805,195 189 193 194 89 116 30 23 117
1364,31 14 58 22 23 150
1626,170 22 23 23 59 15 111 98
704,129 22 22 81 94 95 89 96
2494,21 142 143 89 86 51 54
645,151 22 22 103 22 23 169
2635,92 29 115 116 95 82 68
127,80 73 77 22 29 30 5
1334,151 185 193 194 190 144
1415,39 113 22 22 85 86 5
2316,69 63 64 68
2315,69 63 64 65
472,92 29 115 116 143 144
1495,57 14 58 22 85 86 5
73,55 22 23 59 9 26
511,153 22 23 68
1559,87 88 89 86 23 164 90
1786,151 22 103 22 23 150
621,13 81 82 23 23 164 90
470,92 29 115 116 143 149
2575,125 88 118 119 122 124
172,87 88 89 86 23 78 74 75
2260,92 29 115 116 30 23 23 23 23 66
43,43 14 15 16
2219,48 45 267 22 23 59 15 19
1731,93 94 95 82 59 15 19
1003,109 58 59 15 61 54
804,195 189 193 194 89 96
1187,13 14 15 64 104 23 68
261,109 110 111 15 70
171,87 88 89 86 23 78 74 79
381,31 14 58 22 23 59 15 19
924,151 73 163 22 23 128
906,6 2 3 40
2683,272 281 106 107 40
1707,57 14 58 22 29 115 116 175 176
1409,21 22 23 23 23 114 37
1553,69 73 163 22 23 114 37
1410,21 22 23 23 23 114 36
670,87 88 89 86 23 78 74 66
41,43 14 15 40
2348,151 73 210 14 110 14 15 16
2400,13 14 45 50 275 88 89 91
42,43 14 15 41
2472,87 88 89 116 30 51 54
1185,102 63 64 68
2000,125 88 121 245 88 245 88 94 115 116 175 176
2562,278 22 81 82 16
510,153 22 23 16
2544,44 45 60 14 45 50 22 22 29 30 5
1677,42 249 250 248 237
192,69 22 23 59 98
2499,13 14 15 64 23 23 65
2500,13 14 15 64 23 23 66
1131,151 22 103 22 23 99
1747,32 113 22 22 23 59 15 19
1561,93 94 95 82 23 164 74 79
331,93 118 119 82 16
329,93 118 119 82 19
490,32 113 22 81 118 119 89 96
1472,31 14 58 22 85 88 94 95 122 124
2498,13 14 15 64 23 23 68
1099,13 22 23 215 216
2471,48 45 50 22 29 115 116 95 82 19
750,109 110 111 15 56
1335,151 185 193 194 190 191
1363,31 14 58 22 23 222
2183,120 121 122 201 23 78 74 79
1890,48 45 50 22 29 115 116 143 19
2150,120 121 122 89 116 30 23 268 54
262,109 110 111 15 16
1207,32 113 22 22 29 115 116 95 82 19
920,202 58 59 15 64 23 65
2524,43 14 15 83
919,202 58 59 15 64 23 66
2225,92 85 88 142 115 116 30 23 268 46 52
2184,120 121 122 201 23 78 74 66
2665,13 14 45 50 22 22 23 65
24,31 14 17 22 29 30 5
1294,55 22 23 23 53
2037,32 113 22 22 23 164 74 79
1808,228 22 73 163 22 22 29 30 5
836,13 180 181 16
2654,62 22 81 94 95 89 116 30 23 117
260,109 110 111 15 19
1517,13 240 241 236 68
2353,80 73 210 14 110 14 45 50 29 30 5
694,125 88 94 115 116 30 23 78 90
934,170 22 23 23 164 74 79
2159,153 22 23 51 46 52
2458,80 73 163 22 29 115 116 95 123
1837,125 88 121 94 115 116 175 5
658,31 103 22 81 82 16
1787,31 103 22 23 227
1117,55 22 23 23 68
1765,13 14 15 64 227
2209,21 142 143 144
2013,44 45 50 22 23 128
164,55 22 23 23 66
2478,31 193 194 89 116 30 51 54
165,55 22 23 23 65
577,43 14 58 29 30 5
188,43 14 15 56
700,69 73 163 22 29 115 88 89 91
1970,32 113 22 23 51 54
471,92 29 115 116 143 19
2515,168 22 22 22 23 169
111,43 14 15 70
1492,97 58 59 15 111 15 19
253,42 106 107 40
252,42 106 107 108
1147,80 73 77 22 23 23 104 19
185,97 58 59 15 19
187,97 58 59 15 16
692,92 85 88 94 115 116 30 23 78 90
772,31 14 58 22 29 115 116 30 23 78 74 79
1925,80 73 210 14 110 14 15 233
208,57 14 58 22 22 23 66
1798,57 14 58 22 22 23 65
286,57 14 45 50 29 30 5
744,182 157 160 106 180 181 178 116 30 23 117
1188,13 14 15 64 104 23 222
2281,92 264 88 94 115 88 94 115 116 30 51 54
2303,27 160 161 159
2441,44 45 50 22 23 167
712,67 22 22 29 115 116 30 23 117
191,97 58 59 15 40
190,97 58 59 15 41
2486,153 22 63 14 15 16
604,76 163 164 74 79
1821,80 73 163 22 22 29 115 88 89 91
539,71 14 15 61 46 52
748,55 22 23 59 15 16
2067,39 113 22 200 94 115 116 30 23 117
278,55 22 23 59 15 19
2185,13 81 94 95 201 23 78 90
1665,13 14 45 60 14 58 22 29 30 5
481,13 81 82 23 114 37
520,31 22 22 22 23 65
1656,87 177 178 246 82 19
213,13 103 104 23 59 15 19
521,31 22 22 22 23 66
1836,125 88 121 94 115 116 175 68
2415,125 88 94 115 116 95 82 19
207,57 14 58 22 22 23 101
1663,31 180 181 178 246 82 19
1766,13 14 15 64 150
1571,55 22 23 59 15 211 90
605,76 163 164 74 66
131,13 81 82 16
1455,76 163 164 74 68
2332,84 14 110 14 58 29 30 5
2430,13 14 15 64 152
688,72 73 163 22 29 30 5
179,13 81 94 95 89 96
279,55 22 23 59 15 41
606,76 163 164 74 75
916,48 45 50 22 63 64 66
915,48 45 50 22 63 64 65
214,13 103 104 23 59 15 56
232,62 22 22 23 66
1311,31 103 22 23 66
2108,151 73 210 14 45 50 200 201 5
2208,21 142 143 237
130,13 81 82 68
2660,13 14 45 50 22 22 29 30 5
1889,48 45 50 22 29 115 116 143 149
2331,84 14 110 14 15 16
2427,31 63 64 164 74 79
2678,48 45 267 22 23 59 9 26
231,62 22 22 23 65
385,55 22 23 59 15 56
246,69 22 23 66
140,69 22 23 65
1399,32 113 22 23 59 15 19
226,69 22 23 68
2361,44 45 50 22 22 63 64 66
2426,31 63 64 164 90
2149,87 88 89 116 30 23 268 46 47
2360,44 45 50 22 22 63 64 65
61,43 14 45 50 22 29 30 5
1810,80 73 163 22 22 29 30 5
1924,80 73 210 14 110 14 15 40
2547,44 45 267 22 23 51 54
2148,87 88 89 116 30 23 268 46 52
2601,31 14 45 50 22 103 104 16
129,69 22 29 30 5
965,151 22 22 22 23 104 23 23 164 90
1223,27 160 161 224
1225,27 160 161 225
2679,48 45 267 22 23 59 9 10
2583,13 14 45 50 63 64 68
2291,20 180 181 270 25
2582,13 14 45 50 63 64 65
2190,43 14 15 233
500,92 29 115 88 142 115 88 94 95 122 124
2385,43 14 110 14 45 50 29 30 5
1133,31 103 22 23 99
1724,48 45 50 22 29 115 88 89 91
1312,31 103 22 23 101
1298,31 14 58 22 22 200 201 5
1894,125 88 142 115 177 178 91
923,76 163 164 74 150
2301,27 160 161 273
1470,151 22 22 103 22 81 94 95 89 96
186,97 58 59 15 56
2436,48 45 46 15 64 19
1189,31 103 63 14 15 16
835,13 180 181 198
1849,21 22 23 23 23 65
2507,21 22 23 23 23 66
1848,21 22 23 23 23 68
2096,43 14 15 111 112
779,192 193 194 19
1285,188 185 186 150
2428,31 63 64 164 74 68
897,31 81 94 95 89 116 194 196
211,102 22 23 66
2448,168 22 23 164 74 68
973,57 14 15 34 37
2541,20 8 58 59 15 61 46 52
974,57 14 15 34 36
174,31 14 45 50 22 22 85 88 89 91
1031,57 14 58 29 115 88 89 91
574,92 85 88 94 115 88 89 91
1010,205 58 59 15 19
352,57 14 58 29 30 5
1114,219 22 23 150
1965,92 200 121 94 115 116 30 23 51 54
315,92 29 115 116 30 23 51 54
1315,69 22 23 101
2640,43 14 15 279
177,93 94 95 82 68
1277,92 200 94 95 122 201 23 117
397,43 14 17 22 29 30 5
1662,31 180 181 178 246 123
96,31 14 45 60 14 15 41
496,129 22 81 94 95 89 96
95,31 14 45 60 14 15 40
1012,205 58 59 15 16
1036,31 14 58 22 81 94 95 89 116 30 23 117
1121,219 22 22 29 30 5
223,102 22 103 22 29 30 5
244,67 22 22 29 30 5
2213,146 142 143 89 96
1228,27 160 106 107 40
221,55 22 23 104 23 59 98
803,195 189 193 194 16
1778,69 22 22 23 59 98
2119,48 45 46 15 61 54
647,31 103 22 23 169
716,31 14 58 22 29 115 116 95 123
97,31 14 45 60 14 15 16
760,188 185 186 68
1011,205 58 59 15 56
1788,31 103 22 23 150
2447,168 22 23 164 74 79
1835,125 88 121 94 115 116 175 176
1854,57 14 15 61 46 52
2409,62 22 29 115 116 95 123
2014,44 45 50 22 23 68
1522,67 22 63 64 114 37
2005,32 113 22 23 164 74 79
1181,151 22 103 63 64 101
6,12 8 9 11
1172,151 22 103 63 64 99
1991,92 85 88 121 245 88 245 88 89 91
1957,172 22 23 51 54
2418,92 275 88 94 115 116 30 51 54
1990,31 81 245 246 89 246 82 19
1737,168 22 23 66
1239,62 22 23 104 23 68
2495,31 142 143 89 86 51 54
653,13 81 82 23 104 19
1794,151 22 73 74 75
2597,31 14 58 22 81 94 95 89 86 23 117
99,62 63 64 65
320,55 22 29 115 116 30 23 117
1182,151 22 103 63 64 68
2659,55 22 23 23 23 23 23 23 23 65
2658,55 22 23 23 23 23 23 23 23 66
100,62 63 64 66
580,12 8 58 59 15 64 23 23 23 23 23 131
1811,43 14 58 22 29 115 116 30 23 117
1987,125 88 121 245 88 89 91
1933,42 2 115 116 30 23 117
690,80 73 163 22 29 30 5
2398,87 88 89 276 51 54
1344,55 22 23 23 231
1540,38 113 22 23 114 37
885,92 200 193 115 116 30 23 117
1279,21 22 23 23 23 23 23 23 23 66
1609,32 113 73 163 22 22 23 66
1280,21 22 23 23 23 23 23 23 23 65
1608,32 113 73 163 22 22 23 65
1570,97 58 59 15 211 74 79
841,31 180 181 178 116 3 197
341,62 81 94 95 89 116 30 23 117
985,13 14 15 61 46 47
22,20 8 17 22 29 30 5
984,13 14 15 61 46 52
2579,69 22 85 88 94 95 122 124
502,125 88 142 115 88 94 95 122 119 123
1050,69 73 163 73 74 75
167,42 14 45 50 22 22 85 86 5
1930,49 50 22 200 201 5
677,31 103 22 81 94 95 89 86 23 78 90
1171,223 22 103 63 64 99
1426,151 22 81 94 95 89 86 23 117
2596,42 14 58 22 81 82 16
2217,44 45 267 22 23 59 98
1569,97 58 59 15 211 90
2349,80 73 210 14 110 14 15 16
2107,48 45 46 15 211 74 79
829,87 177 178 116 3 197
1763,62 63 64 150
1736,125 88 94 95 122 89 116 30 23 117
478,62 22 23 114 36
477,62 22 23 114 37
554,13 14 45 50 22 81 94 95 89 96
1299,120 121 122 201 23 23 117
963,151 22 22 22 23 169
1174,31 103 63 64 99
1183,31 103 63 64 101
2214,146 142 143 89 86 23 78 90
1244,55 22 23 23 162
1967,39 113 22 22 29 115 88 89 91
2033,31 103 22 22 23 114 37
2034,31 103 22 22 23 114 36
218,21 22 23 104 19
886,92 200 193 115 116 30 23 53
2645,57 14 58 29 115 116 30 59 9 26
1762,62 63 64 227
378,13 14 58 22 23 59 98
848,168 22 23 150
2003,39 113 22 23 164 90
146,42 14 45 50 22 63 64 65
1380,120 121 122 89 96
2573,92 85 88 118 119 122 124
1049,72 73 163 73 74 75
2570,31 81 118 119 89 86 23 117
2305,274 160 106 107 161 90
2497,62 22 63 64 66
2506,31 22 22 22 29 30 5
1159,151 22 81 94 95 201 23 117
1625,170 22 23 23 59 15 19
1523,62 22 63 64 65
2175,151 73 210 14 15 56
432,31 133 136 22 29 30 5
1518,13 240 241 236 237
2165,44 45 50 22 22 22 23 66
2356,31 14 17 22 29 115 116 30 51 54
1158,129 22 81 94 95 201 23 117
2164,44 45 50 22 22 22 23 65
2404,31 81 94 95 89 276 176
958,80 73 163 22 22 103 104 16
2158,153 22 23 51 54
239,21 22 23 23 23 23 23 65
238,21 22 23 23 23 23 23 66
421,135 136 137 134 56
1118,55 22 23 23 218
2022,13 103 104 23 104 23 51 54
2174,151 73 210 14 15 40
550,31 14 45 60 14 58 85 88 89 91
1281,172 22 23 23 23 23 23 23 23 66
1282,172 22 23 23 23 23 23 23 23 65
1373,55 22 85 86 5
2196,72 73 77 22 23 114 37
2314,55 22 23 23 99
2104,151 73 210 14 15 16
2383,48 45 46 15 111 9 26
2626,42 14 15 64 51 54
972,151 22 22 103 22 81 82 16
487,93 118 119 82 23 68
2566,93 118 119 82 23 59 15 19
898,31 81 94 95 89 116 194 19
1283,172 22 23 23 23 23 23 23 23 68
2578,120 121 122 119 82 23 59 98
2306,274 160 106 107 161 24
2344,31 14 45 50 22 22 22 22 29 30 5
1293,55 22 23 23 117
2181,57 14 58 22 200 201 5
62,31 14 45 50 22 29 30 5
420,135 136 137 134 19
1960,48 45 60 14 58 22 29 115 116 95 123
2571,31 81 118 119 89 86 23 53
147,84 14 45 50 22 63 64 65
148,84 14 45 50 22 63 64 66
1863,168 22 81 245 246 89 96
1008,44 45 60 14 58 22 29 30 5
1494,42 14 58 22 85 86 5
2455,55 22 23 164 74 68
2504,48 45 46 15 64 23 23 65
687,55 22 23 164 74 66
738,13 180 181 107 161 90
1081,13 14 15 211 90
2127,31 14 45 60 14 45 50 85 88 89 91
2503,48 45 46 15 64 23 23 68
1160,151 22 81 94 95 201 23 53
1302,92 29 115 88 94 95 122 201 23 117
438,31 14 45 50 29 115 116 30 51 46 52
1097,217 22 23 215 216
1055,80 73 163 73 77 22 23 53
1119,55 22 23 23 150
488,93 118 119 82 23 128
686,55 22 23 164 74 79
2656,69 22 22 23 51 54
2384,48 45 46 15 111 9 10
1918,13 14 45 50 22 29 115 88 89 91
788,151 183 193 194 5
793,62 185 193 194 5
38,32 33 14 15 41
2113,62 81 94 95 201 51 46 52
37,32 33 14 15 40
1864,69 22 81 245 246 89 96
821,92 29 115 116 194 19
971,129 22 22 103 22 81 82 16
2069,32 113 22 200 94 115 116 30 23 171
1590,62 22 23 65
1860,92 29 115 116 30 59 15 41
1436,62 22 85 88 121 94 115 116 95 123
1305,62 22 23 68
387,62 22 23 66
1842,31 180 181 178 116 95 123
582,20 8 58 59 15 64 23 23 23 23 23 65
1585,72 73 210 14 15 40
348,125 88 94 95 122 119 123
271,31 14 110 14 15 16
877,32 33 14 15 56
1822,93 94 95 82 23 167
2412,92 275 88 94 115 116 95 123
464,92 29 115 116 30 59 15 19
1745,39 113 22 22 23 59 98
2221,31 14 58 22 29 115 116 143 149
2322,20 8 110 111 15 64 66
2323,20 8 110 111 15 64 65
2379,13 14 15 111 9 10
718,92 29 115 116 95 82 23 23 164 90
1829,125 88 121 94 115 116 30 23 53
2212,238 142 143 89 96
2380,13 14 15 111 9 11
1150,55 22 23 23 104 23 68
552,93 94 95 82 23 155
2101,31 14 110 14 15 41
2576,125 88 118 119 122 89 96
1489,31 14 110 14 15 40
517,67 22 23 23 152
1973,57 14 45 50 22 22 85 86 5
2561,278 22 23 150
2172,42 14 15 211 74 79
2564,71 14 58 22 85 88 89 91
377,13 14 58 22 23 126
1806,55 22 23 23 23 23 65
2068,32 113 22 200 94 115 116 30 23 117
2324,13 14 15 111 9 26
1107,31 22 23 59 98
2345,13 14 58 22 23 128
1807,55 22 23 23 23 23 66
1538,100 22 23 114 35
1805,55 22 23 23 23 23 68
2230,87 88 89 86 23 268 54
1137,100 22 23 114 36
1689,13 14 15 252 19
546,31 14 58 85 86 5
1136,100 22 23 114 37
1084,72 73 210 14 15 16
406,69 22 22 63 64 65
324,87 88 89 116 30 23 117
873,31 193 194 201 23 78 90
1490,31 14 110 14 15 56
675,69 22 103 22 81 94 95 89 96
1381,120 121 122 89 86 23 117
2093,55 22 23 23 23 19
2102,76 210 211 74 150
1977,44 45 50 22 81 245 246 89 96
2549,48 45 267 22 23 51 46 52
2546,31 14 45 50 22 22 29 30 5
2552,31 14 110 14 58 85 88 89 91
2629,31 14 45 50 63 14 15 16
220,55 22 23 104 19
1165,223 22 23 150
697,87 88 89 116 95 123
1534,32 113 63 14 45 50 29 30 5
386,62 22 23 128
587,154 22 81 82 16
572,87 88 89 116 30 23 66
2444,48 45 50 22 23 164 90
89,43 14 15 61 46 52
1371,87 88 89 116 30 23 68
450,146 142 143 16
2369,48 45 50 22 22 63 14 15 16
495,93 94 95 82 23 128
1113,62 22 23 150
1921,97 110 111 15 211 74 79
597,42 106 107 161 24
536,31 14 45 50 22 81 82 16
2589,31 14 45 50 63 14 15 40
1637,173 243 244 23 65
197,13 14 58 22 23 99
2109,80 73 210 14 45 50 200 201 5
1079,76 210 211 74 68
1566,76 210 211 74 66
333,62 81 118 119 89 96
794,188 185 193 194 5
1318,55 22 23 23 104 23 128
474,87 88 89 116 30 23 25
473,87 88 89 116 30 23 24
51,49 50 51 46 52
2198,80 73 77 22 23 114 35
1852,55 22 23 23 23 66
505,151 22 29 30 5
1080,76 210 211 74 75
1851,55 22 23 23 23 65
2197,80 73 77 22 23 114 37
52,49 50 51 46 47
1850,55 22 23 23 23 68
2312,62 22 23 101
2463,31 81 94 95 89 116 30 23 268 54
650,170 22 23 104 19
2311,62 22 23 99
2262,92 264 88 94 115 88 89 91
2053,31 81 94 95 89 259 260
2085,92 264 177 178 91
494,93 94 95 82 23 68
801,146 189 193 194 16
2103,13 14 15 211 74 150
1078,76 210 211 74 79
325,87 88 89 116 30 23 53
1885,92 29 115 116 30 23 23 23 68
1127,62 22 103 104 16
88,43 14 15 61 54
1738,13 14 58 22 23 65
456,21 142 143 89 116 30 23 117
1744,39 113 22 22 23 65
153,13 14 15 64 23 51 54
921,62 22 23 203
880,97 58 59 15 34 36
997,39 113 63 14 15 61 54
1022,172 22 23 114 37
879,97 58 59 15 34 37
1023,172 22 23 114 36
2327,42 14 15 111 9 26
2060,172 22 23 114 35
1909,135 136 137 134 64 23 68
2496,31 142 143 89 86 51 46 52
1604,69 22 23 164 90
1089,212 58 59 15 211 74 79
1123,62 22 23 220
1790,72 73 74 23 104 23 68
596,42 106 107 161 90
1961,55 22 200 121 94 115 116 30 23 117
1112,62 22 23 218
1928,234 14 15 56
2329,42 14 15 111 9 11
2616,62 63 14 45 50 29 30 5
2328,42 14 15 111 9 10
2440,49 50 22 23 167
864,13 14 45 50 185 193 194 5
1151,55 22 23 23 104 23 220
1672,238 247 249 250 248 66
1876,31 142 143 89 246 123
628,62 22 23 167
1083,13 14 15 211 74 68
545,31 14 45 60 14 58 85 86 5
1477,234 14 15 40
489,39 113 22 81 118 119 89 96
553,93 94 95 82 23 51 54
2205,146 142 143 237
1339,172 22 23 66
2167,48 45 50 22 22 22 23 66
322,62 22 29 115 116 30 23 53
2166,48 45 50 22 22 22 23 65
1992,125 88 121 245 88 245 88 89 91
1168,62 22 23 162
1082,13 14 15 211 74 79
2296,28 269 180 181 178 96
2386,48 45 50 29 30 5
1403,32 33 14 58 22 22 23 114 37
2258,31 81 94 95 89 265 266
412,67 63 14 15 16
283,55 22 23 23 23 23 23 23 65
282,55 22 23 23 23 23 23 23 66
1610,62 22 23 187
1779,69 22 22 23 59 15 19
78,31 14 58 22 29 30 5
1793,228 22 73 74 75
1929,234 14 15 16
366,92 29 115 116 30 59 9 26
1879,6 2 115 116 30 59 148
2012,49 50 22 23 128
1903,13 133 134 64 23 68
614,129 22 22 23 23 164 90
1070,31 81 208 209 89 86 23 78 90
1465,31 14 58 22 85 88 89 91
347,125 88 94 95 122 124
1634,32 113 22 243 244 5
1706,31 14 45 60 14 58 22 29 115 116 30 23 117
107,67 63 14 15 41
106,67 63 14 15 40
1063,207 208 209 82 19
1780,62 22 23 255
448,146 142 143 145
534,48 45 50 22 81 82 16
566,57 14 45 50 29 115 116 95 123
881,55 22 23 59 15 34 37
2031,32 113 22 103 22 22 23 114 37
368,92 29 115 116 30 59 9 11
449,146 142 143 117
367,92 29 115 116 30 59 9 10
581,20 8 58 59 15 64 23 23 23 23 23 131
849,13 81 82 23 51 46 47
1819,87 88 89 116 30 23 59 112
533,13 81 82 23 51 46 52
1086,80 73 210 14 15 16
1567,13 14 15 211 74 66
2590,67 63 14 15 56
662,69 73 77 22 23 23 66
1327,69 22 22 29 115 116 30 23 171
1398,32 113 22 23 59 98
2307,42 106 107 161 159
1588,80 73 210 14 15 40
439,87 88 89 116 30 23 59 98
2572,31 14 58 22 85 88 118 119 122 124
1341,62 22 23 231
2620,67 63 64 51 54
1289,87 88 89 116 30 23 150
713,69 22 22 29 115 116 30 23 117
957,13 103 104 23 23 164 74 59 98
1164,62 22 23 222
321,62 22 29 115 116 30 23 117
878,32 33 14 15 16
966,170 22 23 104 23 23 164 90
672,62 22 22 85 88 89 91
961,129 22 22 22 23 169
1234,62 22 23 227
1029,87 88 89 116 30 23 171
2176,80 73 210 14 15 56
155,67 63 14 15 83
1781,256 22 23 150
2173,42 14 15 211 74 150
1784,256 22 103 22 23 227
601,55 22 23 23 23 23 23 23 131
1904,13 133 134 64 23 65
1905,13 133 134 64 23 66
892,31 14 58 22 29 115 88 89 91
1589,80 73 210 14 15 41
2535,69 22 22 81 94 95 89 86 51 54
193,69 22 23 59 15 19
1038,84 14 15 40
176,93 94 95 82 19
2299,272 269 180 181 178 116 3 197
178,93 94 95 82 16
1431,92 85 88 94 95 122 89 96
2313,21 22 23 23 99
689,69 73 163 22 29 30 5
1372,21 22 85 86 5
300,55 22 23 114 37
1795,76 163 164 74 23 104 19
2199,55 22 23 114 35
301,55 22 23 114 36
1840,87 177 178 116 95 82 59 98
394,69 22 81 82 16
871,195 189 193 194 201 23 78 90
1704,92 29 115 116 30 23 19
1291,21 22 23 23 117
1582,31 14 58 22 200 94 95 122 201 23 117
2272,92 29 115 116 30 23 24
2273,92 29 115 116 30 23 25
413,132 58 59 15 19
1233,42 106 107 161 225
1226,42 106 107 161 224
2540,20 8 58 59 15 61 54
1144,102 22 23 114 36
953,127 22 23 23 164 74 79
1115,21 22 23 23 68
1143,102 22 23 114 37
714,69 22 22 29 115 116 30 23 53
903,92 29 115 116 95 82 23 51 54
2058,62 22 81 94 95 201 23 53
2631,21 22 23 23 66
137,84 14 15 16
2437,48 45 46 15 64 152
1594,69 22 22 23 164 74 79
1542,102 22 23 114 35
1458,127 22 23 23 164 74 68
2628,48 45 60 14 45 50 63 14 15 16
1816,125 88 94 115 116 30 23 117
2249,39 113 185 264 265 5
272,71 14 110 14 58 29 30 5
2140,69 22 29 115 116 30 23 268 54
2606,13 14 45 50 22 103 22 81 82 16
53,49 50 51 46 15 19
1246,151 22 103 22 22 29 30 5
250,105 106 107 40
840,199 180 181 178 116 3 197
1868,31 81 245 246 89 116 30 23 53
2112,62 81 94 95 201 51 54
1996,92 29 115 116 30 23 66
938,72 73 74 59 15 41
1034,57 14 58 22 81 94 95 89 96
319,92 29 115 116 30 23 68
763,72 73 74 68
1292,21 22 23 23 53
1420,38 113 22 23 65
602,72 73 74 66
2160,31 22 23 51 54
1591,21 22 23 23 65
469,31 133 136 22 29 115 116 143 19
1688,13 14 15 252 253
2445,48 45 50 22 23 164 74 79
437,31 14 45 50 29 115 116 30 51 54
1809,151 22 73 163 22 22 29 30 5
1873,92 29 115 88 245 88 89 91
2057,62 22 81 94 95 201 23 117
1839,87 177 178 116 95 82 19
1926,31 14 110 14 15 233
1095,42 214 215 216
2611,42 106 107 161 273
882,43 14 45 50 22 200 193 115 116 30 23 117
2241,84 14 45 50 22 185 186 114 37
2054,31 81 94 95 89 259 5
1817,125 88 94 115 116 30 23 53
1539,38 113 22 23 101
116,48 45 46 15 64 68
314,92 29 115 116 30 23 53
937,72 73 74 59 15 19
117,48 45 46 15 64 65
2490,48 45 46 15 64 66
1867,31 81 245 246 89 116 30 23 117
2051,48 45 50 22 81 94 95 89 96
335,31 81 118 119 89 96
1972,13 14 45 50 22 22 85 86 5
895,151 22 81 94 95 89 96
476,125 88 142 115 88 89 91
2362,48 45 50 22 22 63 64 65
2363,48 45 50 22 22 63 64 66
776,87 88 89 116 30 23 51 54
1722,31 14 58 81 82 16
2531,31 14 110 14 45 50 85 88 89 91
2354,31 14 110 14 45 50 29 30 5
224,69 22 103 22 29 30 5
196,67 22 23 59 15 41
1544,13 103 104 23 104 23 164 90
562,92 29 115 116 30 23 59 98
1619,188 22 22 23 169
757,55 183 184 150
1545,13 103 104 23 104 23 164 74 79
2554,69 22 85 86 5
29,38 33 34 37
195,67 22 23 59 15 19
918,202 58 59 15 19
28,38 33 34 36
1053,76 77 78 74 164 74 79
1615,57 14 110 14 58 22 23 187
157,69 63 14 15 16
292,55 22 23 68
118,72 73 74 75
126,55 22 23 66
671,67 22 22 85 88 89 91
1220,92 29 115 116 175 176
593,27 160 161 158 159
1716,105 106 180 181 178 116 30 23 117
1941,20 180 181 178 96
592,27 160 161 158 162
2464,31 81 94 95 89 116 30 23 268 46 52
480,129 22 23 114 36
415,69 63 14 58 29 30 5
479,129 22 23 114 37
2092,69 22 23 23 152
516,67 22 23 23 19
84,49 60 61 46 47
108,69 63 14 15 40
109,69 63 14 15 41
518,67 22 23 23 16
83,49 60 61 46 52
468,31 133 136 22 29 115 116 143 149
743,182 157 160 106 180 181 178 96
1818,125 88 94 115 116 30 23 23 23 23 68
2664,71 14 45 50 22 29 30 5
678,72 73 74 150
1758,57 14 58 22 22 85 88 89 91
1828,125 88 121 94 115 116 30 23 117
156,69 63 14 15 83
1504,76 163 164 74 114 37
1505,76 163 164 74 114 36
2675,55 22 23 131
2619,69 63 64 51 46 52
2618,69 63 64 51 54
504,55 22 23 150
1382,120 121 122 89 86 23 53
251,105 106 107 108
753,57 14 110 14 45 50 22 29 30 5
302,32 113 22 29 30 5
2132,44 45 267 22 23 53
623,13 81 82 23 23 164 74 66
1104,213 214 22 23 24
1934,44 45 50 22 200 94 115 116 175 176
709,173 174 175 68
2270,92 2 115 116 30 23 59 9 11
1262,55 22 23 229
2048,257 258 88 89 91
1435,92 29 115 116 95 82 23 59 98
1690,13 14 15 252 250 248 66
929,129 22 22 23 169
607,72 73 163 22 23 128
1209,55 22 200 94 115 116 30 23 78 90
1910,139 136 137 134 64 23 68
2269,92 2 115 116 30 23 59 9 10
1911,139 136 137 134 64 23 65
2465,80 73 163 63 14 45 50 29 115 116 30 23 78 90
1422,67 22 22 23 114 37
540,48 45 60 14 15 16
717,31 14 58 22 29 115 116 95 82 19
2389,44 45 267 22 23 68
622,13 81 82 23 23 164 74 79
2516,168 22 22 22 23 23 68
613,129 22 22 23 165
2133,44 45 267 22 23 66
1514,239 240 241 19
1101,213 214 22 23 16
586,154 22 23 68
2367,42 14 15 64 23 65
2366,42 14 15 64 23 66
2425,153 63 64 164 74 79
1337,31 193 194 89 116 95 123
2592,97 58 59 15 64 51 54
316,13 14 45 50 22 29 115 116 30 23 117
2461,80 73 163 22 81 94 95 89 96
1221,92 29 115 116 175 68
2226,125 88 142 115 116 30 23 268 54
1715,105 106 180 181 178 96
1520,242 22 29 30 5
1037,31 81 94 95 89 116 30 23 171
2224,92 85 88 142 115 116 30 23 268 54
1019,57 14 58 22 81 82 16
1033,93 94 95 82 23 59 206
1321,31 14 58 22 22 200 121 94 115 116 30 23 117
1800,31 14 58 22 22 23 164 90
459,31 142 143 89 116 30 23 53
2373,31 14 17 22 29 115 116 30 23 24
2211,238 142 143 16
636,168 22 103 104 16
856,188 185 186 51 46 47
2374,69 63 14 45 50 29 115 116 30 51 54
855,188 185 186 51 46 52
1383,93 94 95 82 23 59 98
710,173 174 175 5
1547,38 113 22 103 104 16
656,129 22 103 22 81 82 16
981,62 63 64 114 36
980,62 63 64 114 37
1152,32 113 22 22 29 30 5
1401,39 33 14 58 22 22 23 65
1705,92 29 115 116 30 23 215 216
338,120 121 122 119 123
2408,31 14 45 50 29 115 116 30 23 268 46 52
2161,31 22 23 51 46 52
2162,31 22 23 51 46 47
1994,31 81 94 95 89 246 123
1949,44 45 50 22 81 82 16
707,31 81 94 95 89 116 95 123
2414,125 88 94 115 116 95 123
2539,12 8 58 59 15 61 54
2487,31 22 63 14 15 16
2263,39 33 14 45 50 29 30 5
1400,67 22 23 59 15 56
948,129 22 22 23 126
2155,31 14 45 50 85 88 94 95 122 124
2268,92 2 115 116 30 23 59 9 26
281,21 22 23 23 23 23 23 23 65
1606,67 22 23 164 74 114 37
2610,173 174 175 203
2466,31 14 45 50 29 115 116 30 23 78 90
499,31 81 94 95 89 116 30 23 24
1563,32 113 22 81 94 95 89 96
846,31 14 45 50 22 23 167
1417,87 88 89 86 23 23 23 114 37
1519,242 22 23 66
2066,125 88 94 115 116 30 23 51 54
894,168 22 81 94 95 89 96
1041,39 33 14 45 50 22 29 30 5
1982,92 29 115 88 245 246 122 89 96
2652,154 22 81 94 95 89 96
2632,87 88 89 86 23 23 66
182,31 81 94 95 89 96
926,80 73 163 22 23 150
1326,102 22 22 29 115 116 30 23 117
1831,32 113 22 29 115 116 95 123
682,151 73 77 22 23 164 90
847,31 14 45 50 22 23 150
360,31 14 17 22 29 115 116 30 23 117
1450,67 22 22 200 94 95 122 124
1726,80 73 163 22 29 115 116 30 23 117
1310,62 22 103 22 23 66
1419,32 113 22 22 85 88 89 91
1719,13 81 82 59 15 56
2179,80 73 77 22 23 59 9 10
2080,87 177 178 265 266
161,72 73 77 22 23 23 66
651,170 22 23 104 23 164 90
610,80 73 163 22 23 128
1153,39 113 22 22 29 30 5
2032,31 103 22 22 23 65
608,69 73 163 22 23 128
901,31 14 45 50 22 29 115 116 95 123
1733,31 14 58 81 94 95 89 96
2178,80 73 77 22 23 59 9 26
2278,31 14 58 29 115 116 95 123
1980,32 113 22 22 29 115 88 245 246 122 124
1433,48 45 50 22 29 115 116 30 23 117
1638,120 121 122 244 176
2568,151 22 81 118 119 89 96
343,31 81 94 95 89 116 30 23 53
2210,238 142 143 144
1201,219 22 22 29 115 116 30 23 78 90
749,97 58 22 29 30 5
1670,69 247 249 250 40
1508,55 22 23 164 74 114 37
141,69 22 23 51 54
1309,62 22 103 22 23 99
1942,13 180 181 178 116 3 197
719,80 73 163 22 29 115 88 94 115 116 175 176
344,32 113 22 29 115 88 94 95 122 124
2279,31 14 58 29 115 116 95 82 19
361,31 14 17 22 29 115 116 30 23 53
944,43 14 58 73 163 22 23 128
1952,57 14 58 22 81 94 95 201 23 117
2072,92 200 94 115 116 30 23 114 37
2287,32 33 14 45 50 29 115 177 178 91
1259,62 22 22 81 82 16
19,28 22 23 18 9 26
411,130 22 63 14 15 16
1710,92 29 115 116 175 5
1039,84 14 15 34 37
989,48 45 60 14 15 40
1040,84 14 15 34 36
1856,48 45 60 14 15 41
2442,44 45 50 22 23 164 90
609,69 73 163 22 23 66
2235,31 81 94 95 89 86 23 268 46 52
2234,31 81 94 95 89 86 23 268 54
1206,32 113 22 22 29 115 116 95 123
2139,55 22 29 115 116 30 23 268 54
2580,92 85 88 94 95 122 119 123
1434,48 45 50 22 29 115 116 30 23 53
458,31 142 143 89 116 30 23 117
2456,62 73 163 22 29 30 5
342,31 81 94 95 89 116 30 23 117
1755,31 14 58 22 22 85 86 5
2056,39 113 22 200 201 5
883,31 14 45 50 22 200 193 115 116 30 23 117
2049,92 258 88 89 91
1580,80 73 210 14 58 22 200 94 95 122 124
1767,228 63 14 15 16
2653,62 22 81 94 95 89 96
695,125 88 94 115 116 30 23 78 74 79
1796,76 163 164 74 23 104 23 68
1014,154 22 23 59 15 19
1509,39 113 73 163 22 29 30 5
121,76 77 22 23 53
21,28 22 23 18 9 11
20,28 22 23 18 9 10
369,31 14 110 14 58 29 115 116 30 59 9 26
1386,31 14 58 29 115 88 94 95 122 124
1596,67 22 23 164 74 79
781,192 193 194 184 53
2630,31 14 45 50 63 14 45 50 29 30 5
538,71 14 15 61 54
1830,125 88 121 94 115 116 30 23 114 37
1597,67 22 23 164 74 66
2375,43 14 45 50 29 115 177 178 91
1148,80 73 77 22 23 23 104 23 68
2557,42 14 58 22 23 277
426,21 22 23 137 138
1813,151 22 85 88 94 115 116 30 23 117
747,31 180 181 178 116 30 23 53
1330,67 22 22 29 115 88 89 91
1575,120 121 122 201 23 59 98
2511,62 22 22 23 23 167
425,21 22 23 137 140
600,21 22 23 23 23 23 23 23 131
705,69 22 22 81 94 95 89 96
1129,151 22 103 104 16
2264,32 33 14 45 50 29 30 5
1959,172 22 23 51 46 47
2021,62 22 103 22 23 114 37
1718,13 81 82 59 15 19
1958,172 22 23 51 46 52
884,31 14 45 50 22 200 193 115 116 30 23 53
2078,32 261 264 265 5
1546,32 113 22 103 104 16
273,31 14 110 14 58 29 30 5
34,38 33 14 15 40
696,125 88 94 115 116 30 23 78 74 150
2106,48 45 46 15 211 90
773,92 29 115 116 30 23 78 90
1146,69 73 77 22 23 23 104 19
780,192 193 194 184 117
2563,71 14 58 22 85 86 5
1881,92 2 115 116 30 59 148
899,92 2 115 116 30 23 114 37
563,57 14 58 22 29 115 116 30 23 117
2094,153 22 22 22 85 86 5
611,80 73 163 22 23 66
1727,80 73 163 22 29 115 116 30 23 53
1241,156 22 23 104 23 68
180,62 81 94 95 89 96
1572,69 73 210 14 58 22 200 201 5
1944,62 22 23 51 46 52
222,55 22 23 104 23 59 15 19
1155,21 22 200 201 5
47,44 45 46 15 34 37
1692,62 247 249 251 14 15 40
1245,228 22 103 22 22 29 30 5
1564,32 113 22 81 94 95 89 86 23 117
1167,223 22 103 104 16
1453,92 200 94 95 122 89 96
669,62 22 22 85 86 5
1595,67 22 23 164 90
2061,38 113 22 29 30 5
1227,76 160 106 107 40
1693,62 247 249 251 14 15 56
280,21 22 23 23 23 23 23 23 66
304,67 22 22 29 115 116 30 51 54
2295,28 269 180 181 16
1242,156 22 23 104 23 227
359,13 14 17 22 29 115 116 30 23 117
2542,13 81 82 59 9 26
1562,39 113 22 81 94 95 89 96
1834,92 29 115 88 121 94 115 116 175 68
2222,31 14 58 22 29 115 116 143 19
2191,234 14 58 22 29 30 5
1654,92 243 245 246 122 244 23 114 37
2062,43 14 45 50 22 29 115 116 95 123
2510,62 22 22 23 23 68
1923,69 73 210 14 110 14 15 40
585,57 14 45 50 22 29 30 5
1581,31 14 58 22 200 94 95 122 124
866,57 14 45 50 185 193 194 190 144
1128,221 22 103 104 16
2543,13 81 82 59 9 10
2084,32 261 264 177 178 91
294,62 22 29 30 5
2137,44 45 267 22 23 150
1007,55 22 23 59 15 61 54
2030,32 113 22 103 22 22 23 65
1922,13 14 15 111 15 211 90
2136,48 45 267 22 29 30 5
1772,228 63 14 58 22 29 30 5
2493,62 22 63 14 45 50 85 88 89 91
1729,87 88 89 116 30 23 164 90
431,57 133 136 22 29 30 5
2462,80 73 163 22 81 94 95 89 116 30 23 268 54
955,13 103 104 23 23 164 90
1370,62 22 29 115 116 30 59 15 19
1629,31 14 58 22 22 81 82 16
166,55 22 23 23 51 54
731,179 180 181 19
1823,69 22 81 94 95 89 86 23 117
2029,67 22 23 104 23 104 23 51 54
2115,31 81 94 95 201 51 46 52
1379,62 22 85 88 89 91
441,31 14 45 50 29 115 88 89 91
1368,55 22 29 115 116 30 59 98
1791,72 73 74 23 104 23 255
2129,49 267 268 46 52
1388,125 88 94 95 122 89 96
267,42 14 15 111 15 19
2130,49 267 268 46 47
2395,13 14 45 50 275 276 5
2673,44 45 267 22 23 131
1138,32 113 22 23 101
2193,42 14 15 111 15 16
770,43 14 58 22 29 115 116 30 23 78 90
589,76 160 161 24
268,42 14 15 111 15 70
1196,80 73 77 22 23 59 15 19
1349,32 113 22 23 65
990,48 45 60 14 15 64 68
334,62 81 118 119 89 116 30 23 117
991,48 45 60 14 15 64 65
2244,31 14 45 50 22 185 186 114 36
2615,80 73 210 14 45 50 29 115 88 89 91
2243,31 14 45 50 22 185 186 114 37
715,57 14 58 22 29 115 116 95 123
751,42 14 15 111 15 56
746,31 180 181 178 116 30 23 117
1483,13 14 15 111 98
2110,31 14 45 50 200 201 5
2687,57 14 45 50 63 14 45 50 85 86 5
730,179 180 181 11
1028,92 29 115 116 30 59 15 56
1322,31 14 58 22 22 200 121 94 115 116 30 23 53
1352,32 113 22 23 68
263,13 14 15 111 112
1940,179 180 181 16
2116,31 81 94 95 201 51 46 47
